|------------|-----------|---------------------------|----------------------------|
|       Time |    Signal |                 New value |          Direction / Check |
|------------|-----------|---------------------------|----------------------------|
|      55 ns |     QREQn |                         0 |       Controller -> Device |
|      55 ns |     STATE |        Q_RUN -> Q_REQUEST |                         OK |
|     105 ns |     QDENY |                         1 |       Device -> Controller |
|     105 ns |     STATE |     Q_REQUEST -> Q_DENIED |                         OK |
|     155 ns |     QREQn |                         1 |       Controller -> Device |
|     155 ns |   QACTIVE |                         1 |       Device -> Controller |
|     155 ns |     STATE |    Q_DENIED -> Q_CONTINUE |                         OK |
|     165 ns |     QDENY |                         0 |       Device -> Controller |
|     165 ns |     STATE |       Q_CONTINUE -> Q_RUN |                         OK |
|     185 ns |   QACTIVE |                         0 |       Device -> Controller |
|     265 ns |     QREQn |                         0 |       Controller -> Device |
|     265 ns |     STATE |        Q_RUN -> Q_REQUEST |                         OK |
|     275 ns |   QACTIVE |                         1 |       Device -> Controller |
|     305 ns |     QDENY |                         1 |       Device -> Controller |
|     305 ns |     STATE |     Q_REQUEST -> Q_DENIED |                         OK |
|     355 ns |     QREQn |                         1 |       Controller -> Device |
|     355 ns |     STATE |    Q_DENIED -> Q_CONTINUE |                         OK |
|     365 ns |     QDENY |                         0 |       Device -> Controller |
|     365 ns |   QACTIVE |                         0 |       Device -> Controller |
|     365 ns |     STATE |       Q_CONTINUE -> Q_RUN |                         OK |
|     395 ns |   QACTIVE |                         1 |       Device -> Controller |
|     405 ns |     QREQn |                         0 |       Controller -> Device |
|     405 ns |     STATE |        Q_RUN -> Q_REQUEST |                         OK |
|     445 ns |     QDENY |                         1 |       Device -> Controller |
|     445 ns |     STATE |     Q_REQUEST -> Q_DENIED |                         OK |
|     465 ns |   QACTIVE |                         0 |       Device -> Controller |
|     475 ns |     QREQn |                         1 |       Controller -> Device |
|     475 ns |     STATE |    Q_DENIED -> Q_CONTINUE |                         OK |
|     485 ns |     QDENY |                         0 |       Device -> Controller |
|     485 ns |   QACTIVE |                         1 |       Device -> Controller |
|     485 ns |     STATE |       Q_CONTINUE -> Q_RUN |                         OK |
|     515 ns |   QACTIVE |                         0 |       Device -> Controller |
|     565 ns |   QACTIVE |                         1 |       Device -> Controller |
|     585 ns |     QREQn |                         0 |       Controller -> Device |
|     585 ns |   QACTIVE |                         0 |       Device -> Controller |
|     585 ns |     STATE |        Q_RUN -> Q_REQUEST |                         OK |
|     605 ns |     QDENY |                         1 |       Device -> Controller |
|     605 ns |     STATE |     Q_REQUEST -> Q_DENIED |                         OK |
|     615 ns |   QACTIVE |                         1 |       Device -> Controller |
|     625 ns |     QREQn |                         1 |       Controller -> Device |
|     625 ns |   QACTIVE |                         0 |       Device -> Controller |
|     625 ns |     STATE |    Q_DENIED -> Q_CONTINUE |                         OK |
|     635 ns |     QDENY |                         0 |       Device -> Controller |
|     635 ns |     STATE |       Q_CONTINUE -> Q_RUN |                         OK |
|     645 ns |   QACTIVE |                         1 |       Device -> Controller |
|     725 ns |     QREQn |                         0 |       Controller -> Device |
|     725 ns |   QACTIVE |                         0 |       Device -> Controller |
|     725 ns |     STATE |        Q_RUN -> Q_REQUEST |                         OK |
|     755 ns |  QACCEPTn |                         0 |       Device -> Controller |
|     755 ns |   QACTIVE |                         1 |       Device -> Controller |
|     755 ns |     STATE |    Q_REQUEST -> Q_STOPPED |                         OK |
|     785 ns |     QREQn |                         1 |       Controller -> Device |
|     785 ns |     STATE |       Q_STOPPED -> Q_EXIT |                         OK |
|     795 ns |  QACCEPTn |                         1 |       Device -> Controller |
|     795 ns |     STATE |           Q_EXIT -> Q_RUN |                         OK |
|     845 ns |   QACTIVE |                         0 |       Device -> Controller |
|     875 ns |     QREQn |                         0 |       Controller -> Device |
|     875 ns |     STATE |        Q_RUN -> Q_REQUEST |                         OK |
|     905 ns |  QACCEPTn |                         0 |       Device -> Controller |
|     905 ns |     STATE |    Q_REQUEST -> Q_STOPPED |                         OK |
|     955 ns |     QREQn |                         1 |       Controller -> Device |
|     955 ns |   QACTIVE |                         1 |       Device -> Controller |
|     955 ns |     STATE |       Q_STOPPED -> Q_EXIT |                         OK |
|     965 ns |  QACCEPTn |                         1 |       Device -> Controller |
|     965 ns |   QACTIVE |                         0 |       Device -> Controller |
|     965 ns |     STATE |           Q_EXIT -> Q_RUN |                         OK |
|    1015 ns |   QACTIVE |                         1 |       Device -> Controller |
|    1025 ns |   QACTIVE |                         0 |       Device -> Controller |
|    1035 ns |     QREQn |                         0 |       Controller -> Device |
|    1035 ns |     STATE |        Q_RUN -> Q_REQUEST |                         OK |
|    1075 ns |  QACCEPTn |                         0 |       Device -> Controller |
|    1075 ns |     STATE |    Q_REQUEST -> Q_STOPPED |                         OK |
|    1085 ns |   QACTIVE |                         1 |       Device -> Controller |
|    1095 ns |   QACTIVE |                         0 |       Device -> Controller |
|    1135 ns |     QREQn |                         1 |       Controller -> Device |
|    1135 ns |     STATE |       Q_STOPPED -> Q_EXIT |                         OK |
|    1145 ns |  QACCEPTn |                         1 |       Device -> Controller |
|    1145 ns |   QACTIVE |                         1 |       Device -> Controller |
|    1145 ns |     STATE |           Q_EXIT -> Q_RUN |                         OK |
|    1195 ns |   QACTIVE |                         0 |       Device -> Controller |
|    1205 ns |     QREQn |                         0 |       Controller -> Device |
|    1205 ns |     STATE |        Q_RUN -> Q_REQUEST |                         OK |
|    1235 ns |     QDENY |                         1 |       Device -> Controller |
|    1235 ns |     STATE |     Q_REQUEST -> Q_DENIED |                         OK |
|    1265 ns |     QREQn |                         1 |       Controller -> Device |
|    1265 ns |     STATE |    Q_DENIED -> Q_CONTINUE |                         OK |
|    1275 ns |     QDENY |                         0 |       Device -> Controller |
|    1275 ns |   QACTIVE |                         1 |       Device -> Controller |
|    1275 ns |     STATE |       Q_CONTINUE -> Q_RUN |                         OK |
|    1305 ns |   QACTIVE |                         0 |       Device -> Controller |
|    1325 ns |     QREQn |                         0 |       Controller -> Device |
|    1325 ns |   QACTIVE |                         1 |       Device -> Controller |
|    1325 ns |     STATE |        Q_RUN -> Q_REQUEST |                         OK |
|    1335 ns |   QACTIVE |                         0 |       Device -> Controller |
|    1355 ns |  QACCEPTn |                         0 |       Device -> Controller |
|    1355 ns |     STATE |    Q_REQUEST -> Q_STOPPED |                         OK |
|    1365 ns |   QACTIVE |                         1 |       Device -> Controller |
|    1375 ns |     QREQn |                         1 |       Controller -> Device |
|    1375 ns |     STATE |       Q_STOPPED -> Q_EXIT |                         OK |
|    1385 ns |  QACCEPTn |                         1 |       Device -> Controller |
|    1385 ns |     STATE |           Q_EXIT -> Q_RUN |                         OK |
|    1395 ns |   QACTIVE |                         0 |       Device -> Controller |
|    1465 ns |     QREQn |                         0 |       Controller -> Device |
|    1465 ns |   QACTIVE |                         1 |       Device -> Controller |
|    1465 ns |     STATE |        Q_RUN -> Q_REQUEST |                         OK |
|    1485 ns |     QDENY |                         1 |       Device -> Controller |
|    1485 ns |     STATE |     Q_REQUEST -> Q_DENIED |                         OK |
|    1515 ns |   QACTIVE |                         0 |       Device -> Controller |
|    1535 ns |     QREQn |                         1 |       Controller -> Device |
|    1535 ns |     STATE |    Q_DENIED -> Q_CONTINUE |                         OK |
|    1545 ns |     QDENY |                         0 |       Device -> Controller |
|    1545 ns |     STATE |       Q_CONTINUE -> Q_RUN |                         OK |
|    1585 ns |   QACTIVE |                         1 |       Device -> Controller |
|    1595 ns |   QACTIVE |                         0 |       Device -> Controller |
|    1605 ns |     QREQn |                         0 |       Controller -> Device |
|    1605 ns |   QACTIVE |                         1 |       Device -> Controller |
|    1605 ns |     STATE |        Q_RUN -> Q_REQUEST |                         OK |
|    1625 ns |  QACCEPTn |                         0 |       Device -> Controller |
|    1625 ns |   QACTIVE |                         0 |       Device -> Controller |
|    1625 ns |     STATE |    Q_REQUEST -> Q_STOPPED |                         OK |
|    1655 ns |     QREQn |                         1 |       Controller -> Device |
|    1655 ns |     STATE |       Q_STOPPED -> Q_EXIT |                         OK |
|    1665 ns |  QACCEPTn |                         1 |       Device -> Controller |
|    1665 ns |     STATE |           Q_EXIT -> Q_RUN |                         OK |
|    1715 ns |   QACTIVE |                         1 |       Device -> Controller |
|    1725 ns |   QACTIVE |                         0 |       Device -> Controller |
|    1735 ns |   QACTIVE |                         1 |       Device -> Controller |
|    1755 ns |     QREQn |                         0 |       Controller -> Device |
|    1755 ns |     STATE |        Q_RUN -> Q_REQUEST |                         OK |
|    1765 ns |   QACTIVE |                         0 |       Device -> Controller |
|    1775 ns |   QACTIVE |                         1 |       Device -> Controller |
|    1795 ns |   QACTIVE |                         0 |       Device -> Controller |
|    1805 ns |     QDENY |                         1 |       Device -> Controller |
|    1805 ns |   QACTIVE |                         1 |       Device -> Controller |
|    1805 ns |     STATE |     Q_REQUEST -> Q_DENIED |                         OK |
|    1815 ns |   QACTIVE |                         0 |       Device -> Controller |
|    1825 ns |   QACTIVE |                         1 |       Device -> Controller |
|    1835 ns |     QREQn |                         1 |       Controller -> Device |
|    1835 ns |     STATE |    Q_DENIED -> Q_CONTINUE |                         OK |
|    1845 ns |     QDENY |                         0 |       Device -> Controller |
|    1845 ns |     STATE |       Q_CONTINUE -> Q_RUN |                         OK |
|    1855 ns |   QACTIVE |                         0 |       Device -> Controller |
|    1915 ns |     QREQn |                         0 |       Controller -> Device |
|    1915 ns |   QACTIVE |                         1 |       Device -> Controller |
|    1915 ns |     STATE |        Q_RUN -> Q_REQUEST |                         OK |
|    1935 ns |  QACCEPTn |                         0 |       Device -> Controller |
|    1935 ns |   QACTIVE |                         0 |       Device -> Controller |
|    1935 ns |     STATE |    Q_REQUEST -> Q_STOPPED |                         OK |
|    1965 ns |   QACTIVE |                         1 |       Device -> Controller |
|    1975 ns |     QREQn |                         1 |       Controller -> Device |
|    1975 ns |     STATE |       Q_STOPPED -> Q_EXIT |                         OK |
|    1985 ns |  QACCEPTn |                         1 |       Device -> Controller |
|    1985 ns |     STATE |           Q_EXIT -> Q_RUN |                         OK |
|    2045 ns |   QACTIVE |                         0 |       Device -> Controller |
|    2065 ns |     QREQn |                         0 |       Controller -> Device |
|    2065 ns |   QACTIVE |                         1 |       Device -> Controller |
|    2065 ns |     STATE |        Q_RUN -> Q_REQUEST |                         OK |
|    2115 ns |  QACCEPTn |                         0 |       Device -> Controller |
|    2115 ns |     STATE |    Q_REQUEST -> Q_STOPPED |                         OK |
|    2135 ns |   QACTIVE |                         0 |       Device -> Controller |
|    2145 ns |   QACTIVE |                         1 |       Device -> Controller |
|    2155 ns |     QREQn |                         1 |       Controller -> Device |
|    2155 ns |     STATE |       Q_STOPPED -> Q_EXIT |                         OK |
|    2165 ns |  QACCEPTn |                         1 |       Device -> Controller |
|    2165 ns |     STATE |           Q_EXIT -> Q_RUN |                         OK |
|    2215 ns |     QREQn |                         0 |       Controller -> Device |
|    2215 ns |     STATE |        Q_RUN -> Q_REQUEST |                         OK |
|    2225 ns |   QACTIVE |                         0 |       Device -> Controller |
|    2245 ns |  QACCEPTn |                         0 |       Device -> Controller |
|    2245 ns |     STATE |    Q_REQUEST -> Q_STOPPED |                         OK |
|    2285 ns |     QREQn |                         1 |       Controller -> Device |
|    2285 ns |     STATE |       Q_STOPPED -> Q_EXIT |                         OK |
|    2295 ns |  QACCEPTn |                         1 |       Device -> Controller |
|    2295 ns |     STATE |           Q_EXIT -> Q_RUN |                         OK |
|    2355 ns |   QACTIVE |                         1 |       Device -> Controller |
|    2365 ns |     QREQn |                         0 |       Controller -> Device |
|    2365 ns |     STATE |        Q_RUN -> Q_REQUEST |                         OK |
|    2405 ns |     QDENY |                         1 |       Device -> Controller |
|    2405 ns |     STATE |     Q_REQUEST -> Q_DENIED |                         OK |
|    2415 ns |   QACTIVE |                         0 |       Device -> Controller |
|    2435 ns |     QREQn |                         1 |       Controller -> Device |
|    2435 ns |     STATE |    Q_DENIED -> Q_CONTINUE |                         OK |
|    2445 ns |     QDENY |                         0 |       Device -> Controller |
|    2445 ns |     STATE |       Q_CONTINUE -> Q_RUN |                         OK |
|    2455 ns |   QACTIVE |                         1 |       Device -> Controller |
|    2495 ns |   QACTIVE |                         0 |       Device -> Controller |
|    2505 ns |     QREQn |                         0 |       Controller -> Device |
|    2505 ns |     STATE |        Q_RUN -> Q_REQUEST |                         OK |
|    2545 ns |  QACCEPTn |                         0 |       Device -> Controller |
|    2545 ns |     STATE |    Q_REQUEST -> Q_STOPPED |                         OK |
|    2575 ns |     QREQn |                         1 |       Controller -> Device |
|    2575 ns |     STATE |       Q_STOPPED -> Q_EXIT |                         OK |
|    2585 ns |  QACCEPTn |                         1 |       Device -> Controller |
|    2585 ns |     STATE |           Q_EXIT -> Q_RUN |                         OK |
|    2595 ns |   QACTIVE |                         1 |       Device -> Controller |
|    2605 ns |   QACTIVE |                         0 |       Device -> Controller |
|    2615 ns |   QACTIVE |                         1 |       Device -> Controller |
|    2635 ns |     QREQn |                         0 |       Controller -> Device |
|    2635 ns |     STATE |        Q_RUN -> Q_REQUEST |                         OK |
|    2675 ns |  QACCEPTn |                         0 |       Device -> Controller |
|    2675 ns |     STATE |    Q_REQUEST -> Q_STOPPED |                         OK |
|    2715 ns |     QREQn |                         1 |       Controller -> Device |
|    2715 ns |     STATE |       Q_STOPPED -> Q_EXIT |                         OK |
|    2725 ns |  QACCEPTn |                         1 |       Device -> Controller |
|    2725 ns |   QACTIVE |                         0 |       Device -> Controller |
|    2725 ns |     STATE |           Q_EXIT -> Q_RUN |                         OK |
|    2775 ns |   QACTIVE |                         1 |       Device -> Controller |
|    2795 ns |   QACTIVE |                         0 |       Device -> Controller |
|    2815 ns |     QREQn |                         0 |       Controller -> Device |
|    2815 ns |     STATE |        Q_RUN -> Q_REQUEST |                         OK |
|    2835 ns |  QACCEPTn |                         0 |       Device -> Controller |
|    2835 ns |     STATE |    Q_REQUEST -> Q_STOPPED |                         OK |
|    2845 ns |   QACTIVE |                         1 |       Device -> Controller |
|    2875 ns |   QACTIVE |                         0 |       Device -> Controller |
|    2885 ns |     QREQn |                         1 |       Controller -> Device |
|    2885 ns |     STATE |       Q_STOPPED -> Q_EXIT |                         OK |
|    2895 ns |  QACCEPTn |                         1 |       Device -> Controller |
|    2895 ns |     STATE |           Q_EXIT -> Q_RUN |                         OK |
|    2945 ns |   QACTIVE |                         1 |       Device -> Controller |
|    2975 ns |     QREQn |                         0 |       Controller -> Device |
|    2975 ns |     STATE |        Q_RUN -> Q_REQUEST |                         OK |
|    3025 ns |  QACCEPTn |                         0 |       Device -> Controller |
|    3025 ns |     STATE |    Q_REQUEST -> Q_STOPPED |                         OK |
|    3045 ns |   QACTIVE |                         0 |       Device -> Controller |
|    3055 ns |     QREQn |                         1 |       Controller -> Device |
|    3055 ns |     STATE |       Q_STOPPED -> Q_EXIT |                         OK |
|    3065 ns |  QACCEPTn |                         1 |       Device -> Controller |
|    3065 ns |     STATE |           Q_EXIT -> Q_RUN |                         OK |
|    3125 ns |     QREQn |                         0 |       Controller -> Device |
|    3125 ns |   QACTIVE |                         1 |       Device -> Controller |
|    3125 ns |     STATE |        Q_RUN -> Q_REQUEST |                         OK |
|    3165 ns |     QDENY |                         1 |       Device -> Controller |
|    3165 ns |   QACTIVE |                         0 |       Device -> Controller |
|    3165 ns |     STATE |     Q_REQUEST -> Q_DENIED |                         OK |
|    3215 ns |     QREQn |                         1 |       Controller -> Device |
|    3215 ns |   QACTIVE |                         1 |       Device -> Controller |
|    3215 ns |     STATE |    Q_DENIED -> Q_CONTINUE |                         OK |
|    3225 ns |     QDENY |                         0 |       Device -> Controller |
|    3225 ns |   QACTIVE |                         0 |       Device -> Controller |
|    3225 ns |     STATE |       Q_CONTINUE -> Q_RUN |                         OK |
|    3315 ns |     QREQn |                         0 |       Controller -> Device |
|    3315 ns |     STATE |        Q_RUN -> Q_REQUEST |                         OK |
|    3335 ns |   QACTIVE |                         1 |       Device -> Controller |
|    3345 ns |   QACTIVE |                         0 |       Device -> Controller |
|    3355 ns |     QDENY |                         1 |       Device -> Controller |
|    3355 ns |     STATE |     Q_REQUEST -> Q_DENIED |                         OK |
|    3385 ns |     QREQn |                         1 |       Controller -> Device |
|    3385 ns |     STATE |    Q_DENIED -> Q_CONTINUE |                         OK |
|    3395 ns |     QDENY |                         0 |       Device -> Controller |
|    3395 ns |     STATE |       Q_CONTINUE -> Q_RUN |                         OK |
|    3445 ns |     QREQn |                         0 |       Controller -> Device |
|    3445 ns |   QACTIVE |                         1 |       Device -> Controller |
|    3445 ns |     STATE |        Q_RUN -> Q_REQUEST |                         OK |
|    3475 ns |   QACTIVE |                         0 |       Device -> Controller |
|    3485 ns |   QACTIVE |                         1 |       Device -> Controller |
|    3495 ns |     QDENY |                         1 |       Device -> Controller |
|    3495 ns |     STATE |     Q_REQUEST -> Q_DENIED |                         OK |
|    3505 ns |   QACTIVE |                         0 |       Device -> Controller |
|    3555 ns |     QREQn |                         1 |       Controller -> Device |
|    3555 ns |     STATE |    Q_DENIED -> Q_CONTINUE |                         OK |
|    3565 ns |     QDENY |                         0 |       Device -> Controller |
|    3565 ns |     STATE |       Q_CONTINUE -> Q_RUN |                         OK |
|    3635 ns |     QREQn |                         0 |       Controller -> Device |
|    3635 ns |     STATE |        Q_RUN -> Q_REQUEST |                         OK |
|    3665 ns |  QACCEPTn |                         0 |       Device -> Controller |
|    3665 ns |     STATE |    Q_REQUEST -> Q_STOPPED |                         OK |
|    3675 ns |   QACTIVE |                         1 |       Device -> Controller |
|    3695 ns |   QACTIVE |                         0 |       Device -> Controller |
|    3725 ns |     QREQn |                         1 |       Controller -> Device |
|    3725 ns |     STATE |       Q_STOPPED -> Q_EXIT |                         OK |
|    3735 ns |  QACCEPTn |                         1 |       Device -> Controller |
|    3735 ns |     STATE |           Q_EXIT -> Q_RUN |                         OK |
|    3825 ns |     QREQn |                         0 |       Controller -> Device |
|    3825 ns |     STATE |        Q_RUN -> Q_REQUEST |                         OK |
|    3845 ns |   QACTIVE |                         1 |       Device -> Controller |
|    3865 ns |     QDENY |                         1 |       Device -> Controller |
|    3865 ns |     STATE |     Q_REQUEST -> Q_DENIED |                         OK |
|    3875 ns |   QACTIVE |                         0 |       Device -> Controller |
|    3895 ns |     QREQn |                         1 |       Controller -> Device |
|    3895 ns |   QACTIVE |                         1 |       Device -> Controller |
|    3895 ns |     STATE |    Q_DENIED -> Q_CONTINUE |                         OK |
|    3905 ns |     QDENY |                         0 |       Device -> Controller |
|    3905 ns |     STATE |       Q_CONTINUE -> Q_RUN |                         OK |
|    3925 ns |   QACTIVE |                         0 |       Device -> Controller |
|    3965 ns |     QREQn |                         0 |       Controller -> Device |
|    3965 ns |     STATE |        Q_RUN -> Q_REQUEST |                         OK |
|    3985 ns |  QACCEPTn |                         0 |       Device -> Controller |
|    3985 ns |     STATE |    Q_REQUEST -> Q_STOPPED |                         OK |
|    4015 ns |     QREQn |                         1 |       Controller -> Device |
|    4015 ns |     STATE |       Q_STOPPED -> Q_EXIT |                         OK |
|    4025 ns |  QACCEPTn |                         1 |       Device -> Controller |
|    4025 ns |     STATE |           Q_EXIT -> Q_RUN |                         OK |
|    4075 ns |   QACTIVE |                         1 |       Device -> Controller |
|    4105 ns |   QACTIVE |                         0 |       Device -> Controller |
|    4115 ns |     QREQn |                         0 |       Controller -> Device |
|    4115 ns |   QACTIVE |                         1 |       Device -> Controller |
|    4115 ns |     STATE |        Q_RUN -> Q_REQUEST |                         OK |
|    4145 ns |   QACTIVE |                         0 |       Device -> Controller |
|    4155 ns |  QACCEPTn |                         0 |       Device -> Controller |
|    4155 ns |     STATE |    Q_REQUEST -> Q_STOPPED |                         OK |
|    4185 ns |     QREQn |                         1 |       Controller -> Device |
|    4185 ns |     STATE |       Q_STOPPED -> Q_EXIT |                         OK |
|    4195 ns |  QACCEPTn |                         1 |       Device -> Controller |
|    4195 ns |   QACTIVE |                         1 |       Device -> Controller |
|    4195 ns |     STATE |           Q_EXIT -> Q_RUN |                         OK |
|    4215 ns |   QACTIVE |                         0 |       Device -> Controller |
|    4225 ns |   QACTIVE |                         1 |       Device -> Controller |
|    4245 ns |   QACTIVE |                         0 |       Device -> Controller |
|    4255 ns |     QREQn |                         0 |       Controller -> Device |
|    4255 ns |     STATE |        Q_RUN -> Q_REQUEST |                         OK |
|    4275 ns |  QACCEPTn |                         0 |       Device -> Controller |
|    4275 ns |   QACTIVE |                         1 |       Device -> Controller |
|    4275 ns |     STATE |    Q_REQUEST -> Q_STOPPED |                         OK |
|    4305 ns |   QACTIVE |                         0 |       Device -> Controller |
|    4335 ns |     QREQn |                         1 |       Controller -> Device |
|    4335 ns |     STATE |       Q_STOPPED -> Q_EXIT |                         OK |
|    4345 ns |  QACCEPTn |                         1 |       Device -> Controller |
|    4345 ns |     STATE |           Q_EXIT -> Q_RUN |                         OK |
|    4375 ns |   QACTIVE |                         1 |       Device -> Controller |
|    4395 ns |   QACTIVE |                         0 |       Device -> Controller |
|    4415 ns |     QREQn |                         0 |       Controller -> Device |
|    4415 ns |   QACTIVE |                         1 |       Device -> Controller |
|    4415 ns |     STATE |        Q_RUN -> Q_REQUEST |                         OK |
|    4445 ns |  QACCEPTn |                         0 |       Device -> Controller |
|    4445 ns |     STATE |    Q_REQUEST -> Q_STOPPED |                         OK |
|    4455 ns |   QACTIVE |                         0 |       Device -> Controller |
|    4505 ns |     QREQn |                         1 |       Controller -> Device |
|    4505 ns |     STATE |       Q_STOPPED -> Q_EXIT |                         OK |
|    4515 ns |  QACCEPTn |                         1 |       Device -> Controller |
|    4515 ns |     STATE |           Q_EXIT -> Q_RUN |                         OK |
|    4565 ns |     QREQn |                         0 |       Controller -> Device |
|    4565 ns |     STATE |        Q_RUN -> Q_REQUEST |                         OK |
|    4605 ns |  QACCEPTn |                         0 |       Device -> Controller |
|    4605 ns |     STATE |    Q_REQUEST -> Q_STOPPED |                         OK |
|    4615 ns |   QACTIVE |                         1 |       Device -> Controller |
|    4665 ns |     QREQn |                         1 |       Controller -> Device |
|    4665 ns |   QACTIVE |                         0 |       Device -> Controller |
|    4665 ns |     STATE |       Q_STOPPED -> Q_EXIT |                         OK |
|    4675 ns |  QACCEPTn |                         1 |       Device -> Controller |
|    4675 ns |     STATE |           Q_EXIT -> Q_RUN |                         OK |
|    4755 ns |   QACTIVE |                         1 |       Device -> Controller |
|    4775 ns |     QREQn |                         0 |       Controller -> Device |
|    4775 ns |     STATE |        Q_RUN -> Q_REQUEST |                         OK |
|    4795 ns |  QACCEPTn |                         0 |       Device -> Controller |
|    4795 ns |     STATE |    Q_REQUEST -> Q_STOPPED |                         OK |
|    4835 ns |   QACTIVE |                         0 |       Device -> Controller |
|    4855 ns |     QREQn |                         1 |       Controller -> Device |
|    4855 ns |     STATE |       Q_STOPPED -> Q_EXIT |                         OK |
|    4865 ns |  QACCEPTn |                         1 |       Device -> Controller |
|    4865 ns |     STATE |           Q_EXIT -> Q_RUN |                         OK |
|    4875 ns |   QACTIVE |                         1 |       Device -> Controller |
|    4945 ns |     QREQn |                         0 |       Controller -> Device |
|    4945 ns |     STATE |        Q_RUN -> Q_REQUEST |                         OK |
|    4955 ns |   QACTIVE |                         0 |       Device -> Controller |
|    4975 ns |   QACTIVE |                         1 |       Device -> Controller |
|    4995 ns |  QACCEPTn |                         0 |       Device -> Controller |
|    4995 ns |     STATE |    Q_REQUEST -> Q_STOPPED |                         OK |
|    5015 ns |     QREQn |                         1 |       Controller -> Device |
|    5015 ns |     STATE |       Q_STOPPED -> Q_EXIT |                         OK |
|    5025 ns |  QACCEPTn |                         1 |       Device -> Controller |
|    5025 ns |     STATE |           Q_EXIT -> Q_RUN |                         OK |
|    5115 ns |     QREQn |                         0 |       Controller -> Device |
|    5115 ns |     STATE |        Q_RUN -> Q_REQUEST |                         OK |
|    5145 ns |     QDENY |                         1 |       Device -> Controller |
|    5145 ns |     STATE |     Q_REQUEST -> Q_DENIED |                         OK |
|    5175 ns |   QACTIVE |                         0 |       Device -> Controller |
|    5205 ns |     QREQn |                         1 |       Controller -> Device |
|    5205 ns |     STATE |    Q_DENIED -> Q_CONTINUE |                         OK |
|    5215 ns |     QDENY |                         0 |       Device -> Controller |
|    5215 ns |     STATE |       Q_CONTINUE -> Q_RUN |                         OK |
|    5235 ns |   QACTIVE |                         1 |       Device -> Controller |
|    5315 ns |     QREQn |                         0 |       Controller -> Device |
|    5315 ns |     STATE |        Q_RUN -> Q_REQUEST |                         OK |
|    5325 ns |   QACTIVE |                         0 |       Device -> Controller |
|    5335 ns |  QACCEPTn |                         0 |       Device -> Controller |
|    5335 ns |   QACTIVE |                         1 |       Device -> Controller |
|    5335 ns |     STATE |    Q_REQUEST -> Q_STOPPED |                         OK |
|    5355 ns |     QREQn |                         1 |       Controller -> Device |
|    5355 ns |   QACTIVE |                         0 |       Device -> Controller |
|    5355 ns |     STATE |       Q_STOPPED -> Q_EXIT |                         OK |
|    5365 ns |  QACCEPTn |                         1 |       Device -> Controller |
|    5365 ns |   QACTIVE |                         1 |       Device -> Controller |
|    5365 ns |     STATE |           Q_EXIT -> Q_RUN |                         OK |
|    5395 ns |   QACTIVE |                         0 |       Device -> Controller |
|    5425 ns |     QREQn |                         0 |       Controller -> Device |
|    5425 ns |     STATE |        Q_RUN -> Q_REQUEST |                         OK |
|    5455 ns |     QDENY |                         1 |       Device -> Controller |
|    5455 ns |     STATE |     Q_REQUEST -> Q_DENIED |                         OK |
|    5485 ns |     QREQn |                         1 |       Controller -> Device |
|    5485 ns |   QACTIVE |                         1 |       Device -> Controller |
|    5485 ns |     STATE |    Q_DENIED -> Q_CONTINUE |                         OK |
|    5495 ns |     QDENY |                         0 |       Device -> Controller |
|    5495 ns |     STATE |       Q_CONTINUE -> Q_RUN |                         OK |
|    5555 ns |     QREQn |                         0 |       Controller -> Device |
|    5555 ns |     STATE |        Q_RUN -> Q_REQUEST |                         OK |
|    5575 ns |   QACTIVE |                         0 |       Device -> Controller |
|    5585 ns |   QACTIVE |                         1 |       Device -> Controller |
|    5605 ns |  QACCEPTn |                         0 |       Device -> Controller |
|    5605 ns |     STATE |    Q_REQUEST -> Q_STOPPED |                         OK |
|    5625 ns |     QREQn |                         1 |       Controller -> Device |
|    5625 ns |     STATE |       Q_STOPPED -> Q_EXIT |                         OK |
|    5635 ns |  QACCEPTn |                         1 |       Device -> Controller |
|    5635 ns |     STATE |           Q_EXIT -> Q_RUN |                         OK |
|    5665 ns |   QACTIVE |                         0 |       Device -> Controller |
|    5675 ns |   QACTIVE |                         1 |       Device -> Controller |
|    5685 ns |   QACTIVE |                         0 |       Device -> Controller |
|    5695 ns |   QACTIVE |                         1 |       Device -> Controller |
|    5735 ns |     QREQn |                         0 |       Controller -> Device |
|    5735 ns |     STATE |        Q_RUN -> Q_REQUEST |                         OK |
|    5765 ns |     QDENY |                         1 |       Device -> Controller |
|    5765 ns |   QACTIVE |                         0 |       Device -> Controller |
|    5765 ns |     STATE |     Q_REQUEST -> Q_DENIED |                         OK |
|    5805 ns |     QREQn |                         1 |       Controller -> Device |
|    5805 ns |     STATE |    Q_DENIED -> Q_CONTINUE |                         OK |
|    5815 ns |     QDENY |                         0 |       Device -> Controller |
|    5815 ns |     STATE |       Q_CONTINUE -> Q_RUN |                         OK |
|    5855 ns |   QACTIVE |                         1 |       Device -> Controller |
|    5875 ns |   QACTIVE |                         0 |       Device -> Controller |
|    5895 ns |     QREQn |                         0 |       Controller -> Device |
|    5895 ns |     STATE |        Q_RUN -> Q_REQUEST |                         OK |
|    5925 ns |     QDENY |                         1 |       Device -> Controller |
|    5925 ns |     STATE |     Q_REQUEST -> Q_DENIED |                         OK |
|    5945 ns |   QACTIVE |                         1 |       Device -> Controller |
|    5965 ns |   QACTIVE |                         0 |       Device -> Controller |
|    5985 ns |     QREQn |                         1 |       Controller -> Device |
|    5985 ns |     STATE |    Q_DENIED -> Q_CONTINUE |                         OK |
|    5995 ns |     QDENY |                         0 |       Device -> Controller |
|    5995 ns |   QACTIVE |                         1 |       Device -> Controller |
|    5995 ns |     STATE |       Q_CONTINUE -> Q_RUN |                         OK |
|    6005 ns |   QACTIVE |                         0 |       Device -> Controller |
|    6065 ns |     QREQn |                         0 |       Controller -> Device |
|    6065 ns |     STATE |        Q_RUN -> Q_REQUEST |                         OK |
|    6085 ns |   QACTIVE |                         1 |       Device -> Controller |
|    6115 ns |     QDENY |                         1 |       Device -> Controller |
|    6115 ns |     STATE |     Q_REQUEST -> Q_DENIED |                         OK |
|    6175 ns |     QREQn |                         1 |       Controller -> Device |
|    6175 ns |     STATE |    Q_DENIED -> Q_CONTINUE |                         OK |
|    6185 ns |     QDENY |                         0 |       Device -> Controller |
|    6185 ns |     STATE |       Q_CONTINUE -> Q_RUN |                         OK |
|    6205 ns |   QACTIVE |                         0 |       Device -> Controller |
|    6215 ns |   QACTIVE |                         1 |       Device -> Controller |
|    6235 ns |     QREQn |                         0 |       Controller -> Device |
|    6235 ns |     STATE |        Q_RUN -> Q_REQUEST |                         OK |
|    6255 ns |  QACCEPTn |                         0 |       Device -> Controller |
|    6255 ns |     STATE |    Q_REQUEST -> Q_STOPPED |                         OK |
|    6285 ns |     QREQn |                         1 |       Controller -> Device |
|    6285 ns |     STATE |       Q_STOPPED -> Q_EXIT |                         OK |
|    6295 ns |  QACCEPTn |                         1 |       Device -> Controller |
|    6295 ns |     STATE |           Q_EXIT -> Q_RUN |                         OK |
|    6315 ns |   QACTIVE |                         0 |       Device -> Controller |
|    6355 ns |   QACTIVE |                         1 |       Device -> Controller |
|    6375 ns |     QREQn |                         0 |       Controller -> Device |
|    6375 ns |     STATE |        Q_RUN -> Q_REQUEST |                         OK |
|    6415 ns |     QDENY |                         1 |       Device -> Controller |
|    6415 ns |     STATE |     Q_REQUEST -> Q_DENIED |                         OK |
|    6445 ns |   QACTIVE |                         0 |       Device -> Controller |
|    6475 ns |     QREQn |                         1 |       Controller -> Device |
|    6475 ns |     STATE |    Q_DENIED -> Q_CONTINUE |                         OK |
|    6485 ns |     QDENY |                         0 |       Device -> Controller |
|    6485 ns |     STATE |       Q_CONTINUE -> Q_RUN |                         OK |
|    6525 ns |     QREQn |                         0 |       Controller -> Device |
|    6525 ns |     STATE |        Q_RUN -> Q_REQUEST |                         OK |
|    6545 ns |  QACCEPTn |                         0 |       Device -> Controller |
|    6545 ns |     STATE |    Q_REQUEST -> Q_STOPPED |                         OK |
|    6555 ns |   QACTIVE |                         1 |       Device -> Controller |
|    6595 ns |     QREQn |                         1 |       Controller -> Device |
|    6595 ns |     STATE |       Q_STOPPED -> Q_EXIT |                         OK |
|    6605 ns |  QACCEPTn |                         1 |       Device -> Controller |
|    6605 ns |     STATE |           Q_EXIT -> Q_RUN |                         OK |
|    6665 ns |     QREQn |                         0 |       Controller -> Device |
|    6665 ns |     STATE |        Q_RUN -> Q_REQUEST |                         OK |
|    6675 ns |   QACTIVE |                         0 |       Device -> Controller |
|    6715 ns |  QACCEPTn |                         0 |       Device -> Controller |
|    6715 ns |     STATE |    Q_REQUEST -> Q_STOPPED |                         OK |
|    6745 ns |     QREQn |                         1 |       Controller -> Device |
|    6745 ns |     STATE |       Q_STOPPED -> Q_EXIT |                         OK |
|    6755 ns |  QACCEPTn |                         1 |       Device -> Controller |
|    6755 ns |   QACTIVE |                         1 |       Device -> Controller |
|    6755 ns |     STATE |           Q_EXIT -> Q_RUN |                         OK |
|    6785 ns |   QACTIVE |                         0 |       Device -> Controller |
|    6835 ns |     QREQn |                         0 |       Controller -> Device |
|    6835 ns |     STATE |        Q_RUN -> Q_REQUEST |                         OK |
|    6855 ns |   QACTIVE |                         1 |       Device -> Controller |
|    6885 ns |  QACCEPTn |                         0 |       Device -> Controller |
|    6885 ns |     STATE |    Q_REQUEST -> Q_STOPPED |                         OK |
|    6915 ns |     QREQn |                         1 |       Controller -> Device |
|    6915 ns |     STATE |       Q_STOPPED -> Q_EXIT |                         OK |
|    6925 ns |  QACCEPTn |                         1 |       Device -> Controller |
|    6925 ns |   QACTIVE |                         0 |       Device -> Controller |
|    6925 ns |     STATE |           Q_EXIT -> Q_RUN |                         OK |
|    6985 ns |     QREQn |                         0 |       Controller -> Device |
|    6985 ns |   QACTIVE |                         1 |       Device -> Controller |
|    6985 ns |     STATE |        Q_RUN -> Q_REQUEST |                         OK |
|    7015 ns |  QACCEPTn |                         0 |       Device -> Controller |
|    7015 ns |     STATE |    Q_REQUEST -> Q_STOPPED |                         OK |
|    7035 ns |     QREQn |                         1 |       Controller -> Device |
|    7035 ns |     STATE |       Q_STOPPED -> Q_EXIT |                         OK |
|    7045 ns |  QACCEPTn |                         1 |       Device -> Controller |
|    7045 ns |     STATE |           Q_EXIT -> Q_RUN |                         OK |
|    7065 ns |   QACTIVE |                         0 |       Device -> Controller |
|    7095 ns |     QREQn |                         0 |       Controller -> Device |
|    7095 ns |     STATE |        Q_RUN -> Q_REQUEST |                         OK |
|    7105 ns |   QACTIVE |                         1 |       Device -> Controller |
|    7115 ns |  QACCEPTn |                         0 |       Device -> Controller |
|    7115 ns |     STATE |    Q_REQUEST -> Q_STOPPED |                         OK |
|    7165 ns |     QREQn |                         1 |       Controller -> Device |
|    7165 ns |     STATE |       Q_STOPPED -> Q_EXIT |                         OK |
|    7175 ns |  QACCEPTn |                         1 |       Device -> Controller |
|    7175 ns |     STATE |           Q_EXIT -> Q_RUN |                         OK |
|    7225 ns |     QREQn |                         0 |       Controller -> Device |
|    7225 ns |     STATE |        Q_RUN -> Q_REQUEST |                         OK |
|    7245 ns |     QDENY |                         1 |       Device -> Controller |
|    7245 ns |     STATE |     Q_REQUEST -> Q_DENIED |                         OK |
|    7255 ns |   QACTIVE |                         0 |       Device -> Controller |
|    7275 ns |     QREQn |                         1 |       Controller -> Device |
|    7275 ns |     STATE |    Q_DENIED -> Q_CONTINUE |                         OK |
|    7285 ns |     QDENY |                         0 |       Device -> Controller |
|    7285 ns |     STATE |       Q_CONTINUE -> Q_RUN |                         OK |
|    7315 ns |   QACTIVE |                         1 |       Device -> Controller |
|    7325 ns |   QACTIVE |                         0 |       Device -> Controller |
|    7365 ns |   QACTIVE |                         1 |       Device -> Controller |
|    7375 ns |     QREQn |                         0 |       Controller -> Device |
|    7375 ns |     STATE |        Q_RUN -> Q_REQUEST |                         OK |
|    7415 ns |  QACCEPTn |                         0 |       Device -> Controller |
|    7415 ns |     STATE |    Q_REQUEST -> Q_STOPPED |                         OK |
|    7425 ns |   QACTIVE |                         0 |       Device -> Controller |
|    7435 ns |   QACTIVE |                         1 |       Device -> Controller |
|    7455 ns |     QREQn |                         1 |       Controller -> Device |
|    7455 ns |     STATE |       Q_STOPPED -> Q_EXIT |                         OK |
|    7465 ns |  QACCEPTn |                         1 |       Device -> Controller |
|    7465 ns |     STATE |           Q_EXIT -> Q_RUN |                         OK |
|    7525 ns |   QACTIVE |                         0 |       Device -> Controller |
|    7535 ns |     QREQn |                         0 |       Controller -> Device |
|    7535 ns |     STATE |        Q_RUN -> Q_REQUEST |                         OK |
|    7565 ns |  QACCEPTn |                         0 |       Device -> Controller |
|    7565 ns |   QACTIVE |                         1 |       Device -> Controller |
|    7565 ns |     STATE |    Q_REQUEST -> Q_STOPPED |                         OK |
|    7575 ns |   QACTIVE |                         0 |       Device -> Controller |
|    7615 ns |     QREQn |                         1 |       Controller -> Device |
|    7615 ns |     STATE |       Q_STOPPED -> Q_EXIT |                         OK |
|    7625 ns |  QACCEPTn |                         1 |       Device -> Controller |
|    7625 ns |     STATE |           Q_EXIT -> Q_RUN |                         OK |
|    7645 ns |   QACTIVE |                         1 |       Device -> Controller |
|    7695 ns |     QREQn |                         0 |       Controller -> Device |
|    7695 ns |     STATE |        Q_RUN -> Q_REQUEST |                         OK |
|    7715 ns |  QACCEPTn |                         0 |       Device -> Controller |
|    7715 ns |     STATE |    Q_REQUEST -> Q_STOPPED |                         OK |
|    7775 ns |     QREQn |                         1 |       Controller -> Device |
|    7775 ns |     STATE |       Q_STOPPED -> Q_EXIT |                         OK |
|    7785 ns |  QACCEPTn |                         1 |       Device -> Controller |
|    7785 ns |     STATE |           Q_EXIT -> Q_RUN |                         OK |
|    7845 ns |   QACTIVE |                         0 |       Device -> Controller |
|    7865 ns |     QREQn |                         0 |       Controller -> Device |
|    7865 ns |     STATE |        Q_RUN -> Q_REQUEST |                         OK |
|    7875 ns |   QACTIVE |                         1 |       Device -> Controller |
|    7895 ns |   QACTIVE |                         0 |       Device -> Controller |
|    7915 ns |  QACCEPTn |                         0 |       Device -> Controller |
|    7915 ns |     STATE |    Q_REQUEST -> Q_STOPPED |                         OK |
|    7955 ns |     QREQn |                         1 |       Controller -> Device |
|    7955 ns |     STATE |       Q_STOPPED -> Q_EXIT |                         OK |
|    7965 ns |  QACCEPTn |                         1 |       Device -> Controller |
|    7965 ns |   QACTIVE |                         1 |       Device -> Controller |
|    7965 ns |     STATE |           Q_EXIT -> Q_RUN |                         OK |
|    8015 ns |     QREQn |                         0 |       Controller -> Device |
|    8015 ns |     STATE |        Q_RUN -> Q_REQUEST |                         OK |
|    8055 ns |     QDENY |                         1 |       Device -> Controller |
|    8055 ns |     STATE |     Q_REQUEST -> Q_DENIED |                         OK |
|    8085 ns |   QACTIVE |                         0 |       Device -> Controller |
|    8105 ns |     QREQn |                         1 |       Controller -> Device |
|    8105 ns |   QACTIVE |                         1 |       Device -> Controller |
|    8105 ns |     STATE |    Q_DENIED -> Q_CONTINUE |                         OK |
|    8115 ns |     QDENY |                         0 |       Device -> Controller |
|    8115 ns |     STATE |       Q_CONTINUE -> Q_RUN |                         OK |
|    8155 ns |   QACTIVE |                         0 |       Device -> Controller |
|    8215 ns |     QREQn |                         0 |       Controller -> Device |
|    8215 ns |   QACTIVE |                         1 |       Device -> Controller |
|    8215 ns |     STATE |        Q_RUN -> Q_REQUEST |                         OK |
|    8235 ns |  QACCEPTn |                         0 |       Device -> Controller |
|    8235 ns |   QACTIVE |                         0 |       Device -> Controller |
|    8235 ns |     STATE |    Q_REQUEST -> Q_STOPPED |                         OK |
|    8275 ns |     QREQn |                         1 |       Controller -> Device |
|    8275 ns |     STATE |       Q_STOPPED -> Q_EXIT |                         OK |
|    8285 ns |  QACCEPTn |                         1 |       Device -> Controller |
|    8285 ns |     STATE |           Q_EXIT -> Q_RUN |                         OK |
|    8335 ns |   QACTIVE |                         1 |       Device -> Controller |
|    8365 ns |     QREQn |                         0 |       Controller -> Device |
|    8365 ns |     STATE |        Q_RUN -> Q_REQUEST |                         OK |
|    8375 ns |   QACTIVE |                         0 |       Device -> Controller |
|    8385 ns |  QACCEPTn |                         0 |       Device -> Controller |
|    8385 ns |     STATE |    Q_REQUEST -> Q_STOPPED |                         OK |
|    8435 ns |   QACTIVE |                         1 |       Device -> Controller |
|    8445 ns |     QREQn |                         1 |       Controller -> Device |
|    8445 ns |     STATE |       Q_STOPPED -> Q_EXIT |                         OK |
|    8455 ns |  QACCEPTn |                         1 |       Device -> Controller |
|    8455 ns |     STATE |           Q_EXIT -> Q_RUN |                         OK |
|    8465 ns |   QACTIVE |                         0 |       Device -> Controller |
|    8475 ns |   QACTIVE |                         1 |       Device -> Controller |
|    8485 ns |   QACTIVE |                         0 |       Device -> Controller |
|    8505 ns |     QREQn |                         0 |       Controller -> Device |
|    8505 ns |     STATE |        Q_RUN -> Q_REQUEST |                         OK |
|    8535 ns |  QACCEPTn |                         0 |       Device -> Controller |
|    8535 ns |   QACTIVE |                         1 |       Device -> Controller |
|    8535 ns |     STATE |    Q_REQUEST -> Q_STOPPED |                         OK |
|    8545 ns |   QACTIVE |                         0 |       Device -> Controller |
|    8585 ns |     QREQn |                         1 |       Controller -> Device |
|    8585 ns |     STATE |       Q_STOPPED -> Q_EXIT |                         OK |
|    8595 ns |  QACCEPTn |                         1 |       Device -> Controller |
|    8595 ns |     STATE |           Q_EXIT -> Q_RUN |                         OK |
|    8645 ns |   QACTIVE |                         1 |       Device -> Controller |
|    8685 ns |     QREQn |                         0 |       Controller -> Device |
|    8685 ns |     STATE |        Q_RUN -> Q_REQUEST |                         OK |
|    8715 ns |   QACTIVE |                         0 |       Device -> Controller |
|    8725 ns |     QDENY |                         1 |       Device -> Controller |
|    8725 ns |     STATE |     Q_REQUEST -> Q_DENIED |                         OK |
|    8775 ns |     QREQn |                         1 |       Controller -> Device |
|    8775 ns |   QACTIVE |                         1 |       Device -> Controller |
|    8775 ns |     STATE |    Q_DENIED -> Q_CONTINUE |                         OK |
|    8785 ns |     QDENY |                         0 |       Device -> Controller |
|    8785 ns |     STATE |       Q_CONTINUE -> Q_RUN |                         OK |
|    8855 ns |     QREQn |                         0 |       Controller -> Device |
|    8855 ns |     STATE |        Q_RUN -> Q_REQUEST |                         OK |
|    8885 ns |  QACCEPTn |                         0 |       Device -> Controller |
|    8885 ns |     STATE |    Q_REQUEST -> Q_STOPPED |                         OK |
|    8905 ns |     QREQn |                         1 |       Controller -> Device |
|    8905 ns |     STATE |       Q_STOPPED -> Q_EXIT |                         OK |
|    8915 ns |  QACCEPTn |                         1 |       Device -> Controller |
|    8915 ns |     STATE |           Q_EXIT -> Q_RUN |                         OK |
|    8955 ns |   QACTIVE |                         0 |       Device -> Controller |
|    8975 ns |   QACTIVE |                         1 |       Device -> Controller |
|    8985 ns |   QACTIVE |                         0 |       Device -> Controller |
|    9015 ns |     QREQn |                         0 |       Controller -> Device |
|    9015 ns |     STATE |        Q_RUN -> Q_REQUEST |                         OK |
|    9045 ns |   QACTIVE |                         1 |       Device -> Controller |
|    9055 ns |  QACCEPTn |                         0 |       Device -> Controller |
|    9055 ns |     STATE |    Q_REQUEST -> Q_STOPPED |                         OK |
|    9095 ns |   QACTIVE |                         0 |       Device -> Controller |
|    9105 ns |     QREQn |                         1 |       Controller -> Device |
|    9105 ns |   QACTIVE |                         1 |       Device -> Controller |
|    9105 ns |     STATE |       Q_STOPPED -> Q_EXIT |                         OK |
|    9115 ns |  QACCEPTn |                         1 |       Device -> Controller |
|    9115 ns |     STATE |           Q_EXIT -> Q_RUN |                         OK |
|    9165 ns |     QREQn |                         0 |       Controller -> Device |
|    9165 ns |     STATE |        Q_RUN -> Q_REQUEST |                         OK |
|    9205 ns |   QACTIVE |                         0 |       Device -> Controller |
|    9215 ns |  QACCEPTn |                         0 |       Device -> Controller |
|    9215 ns |     STATE |    Q_REQUEST -> Q_STOPPED |                         OK |
|    9235 ns |     QREQn |                         1 |       Controller -> Device |
|    9235 ns |     STATE |       Q_STOPPED -> Q_EXIT |                         OK |
|    9245 ns |  QACCEPTn |                         1 |       Device -> Controller |
|    9245 ns |     STATE |           Q_EXIT -> Q_RUN |                         OK |
|    9325 ns |   QACTIVE |                         1 |       Device -> Controller |
|    9345 ns |     QREQn |                         0 |       Controller -> Device |
|    9345 ns |   QACTIVE |                         0 |       Device -> Controller |
|    9345 ns |     STATE |        Q_RUN -> Q_REQUEST |                         OK |
|    9355 ns |   QACTIVE |                         1 |       Device -> Controller |
|    9375 ns |  QACCEPTn |                         0 |       Device -> Controller |
|    9375 ns |     STATE |    Q_REQUEST -> Q_STOPPED |                         OK |
|    9415 ns |     QREQn |                         1 |       Controller -> Device |
|    9415 ns |     STATE |       Q_STOPPED -> Q_EXIT |                         OK |
|    9425 ns |  QACCEPTn |                         1 |       Device -> Controller |
|    9425 ns |   QACTIVE |                         0 |       Device -> Controller |
|    9425 ns |     STATE |           Q_EXIT -> Q_RUN |                         OK |
|    9465 ns |     QREQn |                         0 |       Controller -> Device |
|    9465 ns |     STATE |        Q_RUN -> Q_REQUEST |                         OK |
|    9485 ns |   QACTIVE |                         1 |       Device -> Controller |
|    9505 ns |  QACCEPTn |                         0 |       Device -> Controller |
|    9505 ns |     STATE |    Q_REQUEST -> Q_STOPPED |                         OK |
|    9545 ns |     QREQn |                         1 |       Controller -> Device |
|    9545 ns |     STATE |       Q_STOPPED -> Q_EXIT |                         OK |
|    9555 ns |  QACCEPTn |                         1 |       Device -> Controller |
|    9555 ns |     STATE |           Q_EXIT -> Q_RUN |                         OK |
|    9585 ns |   QACTIVE |                         0 |       Device -> Controller |
|    9605 ns |     QREQn |                         0 |       Controller -> Device |
|    9605 ns |     STATE |        Q_RUN -> Q_REQUEST |                         OK |
|    9625 ns |   QACTIVE |                         1 |       Device -> Controller |
|    9645 ns |     QDENY |                         1 |       Device -> Controller |
|    9645 ns |     STATE |     Q_REQUEST -> Q_DENIED |                         OK |
|    9685 ns |     QREQn |                         1 |       Controller -> Device |
|    9685 ns |     STATE |    Q_DENIED -> Q_CONTINUE |                         OK |
|    9695 ns |     QDENY |                         0 |       Device -> Controller |
|    9695 ns |     STATE |       Q_CONTINUE -> Q_RUN |                         OK |
|    9755 ns |     QREQn |                         0 |       Controller -> Device |
|    9755 ns |     STATE |        Q_RUN -> Q_REQUEST |                         OK |
|    9775 ns |   QACTIVE |                         0 |       Device -> Controller |
|    9795 ns |   QACTIVE |                         1 |       Device -> Controller |
|    9805 ns |  QACCEPTn |                         0 |       Device -> Controller |
|    9805 ns |   QACTIVE |                         0 |       Device -> Controller |
|    9805 ns |     STATE |    Q_REQUEST -> Q_STOPPED |                         OK |
|    9835 ns |     QREQn |                         1 |       Controller -> Device |
|    9835 ns |     STATE |       Q_STOPPED -> Q_EXIT |                         OK |
|    9845 ns |  QACCEPTn |                         1 |       Device -> Controller |
|    9845 ns |     STATE |           Q_EXIT -> Q_RUN |                         OK |
|    9885 ns |     QREQn |                         0 |       Controller -> Device |
|    9885 ns |   QACTIVE |                         1 |       Device -> Controller |
|    9885 ns |     STATE |        Q_RUN -> Q_REQUEST |                         OK |
|    9895 ns |   QACTIVE |                         0 |       Device -> Controller |
|    9905 ns |  QACCEPTn |                         0 |       Device -> Controller |
|    9905 ns |     STATE |    Q_REQUEST -> Q_STOPPED |                         OK |
|    9915 ns |   QACTIVE |                         1 |       Device -> Controller |
|    9935 ns |   QACTIVE |                         0 |       Device -> Controller |
|    9955 ns |     QREQn |                         1 |       Controller -> Device |
|    9955 ns |     STATE |       Q_STOPPED -> Q_EXIT |                         OK |
|    9965 ns |  QACCEPTn |                         1 |       Device -> Controller |
|    9965 ns |     STATE |           Q_EXIT -> Q_RUN |                         OK |
|   10035 ns |     QREQn |                         0 |       Controller -> Device |
|   10035 ns |   QACTIVE |                         1 |       Device -> Controller |
|   10035 ns |     STATE |        Q_RUN -> Q_REQUEST |                         OK |
|   10075 ns |     QDENY |                         1 |       Device -> Controller |
|   10075 ns |     STATE |     Q_REQUEST -> Q_DENIED |                         OK |
|   10125 ns |   QACTIVE |                         0 |       Device -> Controller |
|   10135 ns |     QREQn |                         1 |       Controller -> Device |
|   10135 ns |     STATE |    Q_DENIED -> Q_CONTINUE |                         OK |
|   10145 ns |     QDENY |                         0 |       Device -> Controller |
|   10145 ns |     STATE |       Q_CONTINUE -> Q_RUN |                         OK |
|   10155 ns |   QACTIVE |                         1 |       Device -> Controller |
|   10175 ns |   QACTIVE |                         0 |       Device -> Controller |
|   10185 ns |     QREQn |                         0 |       Controller -> Device |
|   10185 ns |     STATE |        Q_RUN -> Q_REQUEST |                         OK |
|   10215 ns |  QACCEPTn |                         0 |       Device -> Controller |
|   10215 ns |     STATE |    Q_REQUEST -> Q_STOPPED |                         OK |
|   10265 ns |   QACTIVE |                         1 |       Device -> Controller |
|   10275 ns |     QREQn |                         1 |       Controller -> Device |
|   10275 ns |     STATE |       Q_STOPPED -> Q_EXIT |                         OK |
|   10285 ns |  QACCEPTn |                         1 |       Device -> Controller |
|   10285 ns |     STATE |           Q_EXIT -> Q_RUN |                         OK |
|   10305 ns |   QACTIVE |                         0 |       Device -> Controller |
|   10335 ns |   QACTIVE |                         1 |       Device -> Controller |
|   10365 ns |     QREQn |                         0 |       Controller -> Device |
|   10365 ns |   QACTIVE |                         0 |       Device -> Controller |
|   10365 ns |     STATE |        Q_RUN -> Q_REQUEST |                         OK |
|   10385 ns |     QDENY |                         1 |       Device -> Controller |
|   10385 ns |     STATE |     Q_REQUEST -> Q_DENIED |                         OK |
|   10445 ns |     QREQn |                         1 |       Controller -> Device |
|   10445 ns |     STATE |    Q_DENIED -> Q_CONTINUE |                         OK |
|   10455 ns |     QDENY |                         0 |       Device -> Controller |
|   10455 ns |     STATE |       Q_CONTINUE -> Q_RUN |                         OK |
|   10495 ns |     QREQn |                         0 |       Controller -> Device |
|   10495 ns |     STATE |        Q_RUN -> Q_REQUEST |                         OK |
|   10505 ns |   QACTIVE |                         1 |       Device -> Controller |
|   10525 ns |   QACTIVE |                         0 |       Device -> Controller |
|   10535 ns |     QDENY |                         1 |       Device -> Controller |
|   10535 ns |     STATE |     Q_REQUEST -> Q_DENIED |                         OK |
|   10555 ns |   QACTIVE |                         1 |       Device -> Controller |
|   10585 ns |   QACTIVE |                         0 |       Device -> Controller |
|   10595 ns |     QREQn |                         1 |       Controller -> Device |
|   10595 ns |     STATE |    Q_DENIED -> Q_CONTINUE |                         OK |
|   10605 ns |     QDENY |                         0 |       Device -> Controller |
|   10605 ns |     STATE |       Q_CONTINUE -> Q_RUN |                         OK |
|   10635 ns |   QACTIVE |                         1 |       Device -> Controller |
|   10645 ns |     QREQn |                         0 |       Controller -> Device |
|   10645 ns |     STATE |        Q_RUN -> Q_REQUEST |                         OK |
|   10675 ns |     QDENY |                         1 |       Device -> Controller |
|   10675 ns |     STATE |     Q_REQUEST -> Q_DENIED |                         OK |
|   10705 ns |     QREQn |                         1 |       Controller -> Device |
|   10705 ns |   QACTIVE |                         0 |       Device -> Controller |
|   10705 ns |     STATE |    Q_DENIED -> Q_CONTINUE |                         OK |
|   10715 ns |     QDENY |                         0 |       Device -> Controller |
|   10715 ns |   QACTIVE |                         1 |       Device -> Controller |
|   10715 ns |     STATE |       Q_CONTINUE -> Q_RUN |                         OK |
|   10735 ns |   QACTIVE |                         0 |       Device -> Controller |
|   10755 ns |     QREQn |                         0 |       Controller -> Device |
|   10755 ns |     STATE |        Q_RUN -> Q_REQUEST |                         OK |
|   10805 ns |  QACCEPTn |                         0 |       Device -> Controller |
|   10805 ns |     STATE |    Q_REQUEST -> Q_STOPPED |                         OK |
|   10835 ns |     QREQn |                         1 |       Controller -> Device |
|   10835 ns |     STATE |       Q_STOPPED -> Q_EXIT |                         OK |
|   10845 ns |  QACCEPTn |                         1 |       Device -> Controller |
|   10845 ns |     STATE |           Q_EXIT -> Q_RUN |                         OK |
|   10895 ns |   QACTIVE |                         1 |       Device -> Controller |
|   10935 ns |     QREQn |                         0 |       Controller -> Device |
|   10935 ns |     STATE |        Q_RUN -> Q_REQUEST |                         OK |
|   10985 ns |  QACCEPTn |                         0 |       Device -> Controller |
|   10985 ns |     STATE |    Q_REQUEST -> Q_STOPPED |                         OK |
|   11005 ns |     QREQn |                         1 |       Controller -> Device |
|   11005 ns |     STATE |       Q_STOPPED -> Q_EXIT |                         OK |
|   11015 ns |  QACCEPTn |                         1 |       Device -> Controller |
|   11015 ns |     STATE |           Q_EXIT -> Q_RUN |                         OK |
|   11075 ns |   QACTIVE |                         0 |       Device -> Controller |
|   11105 ns |   QACTIVE |                         1 |       Device -> Controller |
|   11115 ns |     QREQn |                         0 |       Controller -> Device |
|   11115 ns |     STATE |        Q_RUN -> Q_REQUEST |                         OK |
|   11135 ns |  QACCEPTn |                         0 |       Device -> Controller |
|   11135 ns |     STATE |    Q_REQUEST -> Q_STOPPED |                         OK |
|   11145 ns |   QACTIVE |                         0 |       Device -> Controller |
|   11155 ns |     QREQn |                         1 |       Controller -> Device |
|   11155 ns |     STATE |       Q_STOPPED -> Q_EXIT |                         OK |
|   11165 ns |  QACCEPTn |                         1 |       Device -> Controller |
|   11165 ns |     STATE |           Q_EXIT -> Q_RUN |                         OK |
|   11185 ns |   QACTIVE |                         1 |       Device -> Controller |
|   11195 ns |   QACTIVE |                         0 |       Device -> Controller |
|   11245 ns |     QREQn |                         0 |       Controller -> Device |
|   11245 ns |   QACTIVE |                         1 |       Device -> Controller |
|   11245 ns |     STATE |        Q_RUN -> Q_REQUEST |                         OK |
|   11285 ns |  QACCEPTn |                         0 |       Device -> Controller |
|   11285 ns |     STATE |    Q_REQUEST -> Q_STOPPED |                         OK |
|   11295 ns |   QACTIVE |                         0 |       Device -> Controller |
|   11325 ns |     QREQn |                         1 |       Controller -> Device |
|   11325 ns |   QACTIVE |                         1 |       Device -> Controller |
|   11325 ns |     STATE |       Q_STOPPED -> Q_EXIT |                         OK |
|   11335 ns |  QACCEPTn |                         1 |       Device -> Controller |
|   11335 ns |     STATE |           Q_EXIT -> Q_RUN |                         OK |
|   11405 ns |   QACTIVE |                         0 |       Device -> Controller |
|   11415 ns |     QREQn |                         0 |       Controller -> Device |
|   11415 ns |     STATE |        Q_RUN -> Q_REQUEST |                         OK |
|   11425 ns |   QACTIVE |                         1 |       Device -> Controller |
|   11445 ns |  QACCEPTn |                         0 |       Device -> Controller |
|   11445 ns |     STATE |    Q_REQUEST -> Q_STOPPED |                         OK |
|   11465 ns |     QREQn |                         1 |       Controller -> Device |
|   11465 ns |     STATE |       Q_STOPPED -> Q_EXIT |                         OK |
|   11475 ns |  QACCEPTn |                         1 |       Device -> Controller |
|   11475 ns |     STATE |           Q_EXIT -> Q_RUN |                         OK |
|   11495 ns |   QACTIVE |                         0 |       Device -> Controller |
|   11525 ns |     QREQn |                         0 |       Controller -> Device |
|   11525 ns |     STATE |        Q_RUN -> Q_REQUEST |                         OK |
|   11535 ns |   QACTIVE |                         1 |       Device -> Controller |
|   11565 ns |  QACCEPTn |                         0 |       Device -> Controller |
|   11565 ns |     STATE |    Q_REQUEST -> Q_STOPPED |                         OK |
|   11625 ns |     QREQn |                         1 |       Controller -> Device |
|   11625 ns |     STATE |       Q_STOPPED -> Q_EXIT |                         OK |
|   11635 ns |  QACCEPTn |                         1 |       Device -> Controller |
|   11635 ns |     STATE |           Q_EXIT -> Q_RUN |                         OK |
|   11695 ns |     QREQn |                         0 |       Controller -> Device |
|   11695 ns |   QACTIVE |                         0 |       Device -> Controller |
|   11695 ns |     STATE |        Q_RUN -> Q_REQUEST |                         OK |
|   11725 ns |     QDENY |                         1 |       Device -> Controller |
|   11725 ns |     STATE |     Q_REQUEST -> Q_DENIED |                         OK |
|   11735 ns |   QACTIVE |                         1 |       Device -> Controller |
|   11755 ns |     QREQn |                         1 |       Controller -> Device |
|   11755 ns |     STATE |    Q_DENIED -> Q_CONTINUE |                         OK |
|   11765 ns |     QDENY |                         0 |       Device -> Controller |
|   11765 ns |     STATE |       Q_CONTINUE -> Q_RUN |                         OK |
|   11805 ns |   QACTIVE |                         0 |       Device -> Controller |
|   11855 ns |   QACTIVE |                         1 |       Device -> Controller |
|   11865 ns |     QREQn |                         0 |       Controller -> Device |
|   11865 ns |     STATE |        Q_RUN -> Q_REQUEST |                         OK |
|   11875 ns |   QACTIVE |                         0 |       Device -> Controller |
|   11905 ns |     QDENY |                         1 |       Device -> Controller |
|   11905 ns |     STATE |     Q_REQUEST -> Q_DENIED |                         OK |
|   11925 ns |   QACTIVE |                         1 |       Device -> Controller |
|   11935 ns |     QREQn |                         1 |       Controller -> Device |
|   11935 ns |     STATE |    Q_DENIED -> Q_CONTINUE |                         OK |
|   11945 ns |     QDENY |                         0 |       Device -> Controller |
|   11945 ns |     STATE |       Q_CONTINUE -> Q_RUN |                         OK |
|   11955 ns |   QACTIVE |                         0 |       Device -> Controller |
|   11965 ns |   QACTIVE |                         1 |       Device -> Controller |
|   11975 ns |   QACTIVE |                         0 |       Device -> Controller |
|   11985 ns |   QACTIVE |                         1 |       Device -> Controller |
|   11995 ns |   QACTIVE |                         0 |       Device -> Controller |
|   12005 ns |     QREQn |                         0 |       Controller -> Device |
|   12005 ns |     STATE |        Q_RUN -> Q_REQUEST |                         OK |
|   12045 ns |  QACCEPTn |                         0 |       Device -> Controller |
|   12045 ns |     STATE |    Q_REQUEST -> Q_STOPPED |                         OK |
|   12075 ns |   QACTIVE |                         1 |       Device -> Controller |
|   12085 ns |   QACTIVE |                         0 |       Device -> Controller |
|   12105 ns |     QREQn |                         1 |       Controller -> Device |
|   12105 ns |     STATE |       Q_STOPPED -> Q_EXIT |                         OK |
|   12115 ns |  QACCEPTn |                         1 |       Device -> Controller |
|   12115 ns |     STATE |           Q_EXIT -> Q_RUN |                         OK |
|   12175 ns |     QREQn |                         0 |       Controller -> Device |
|   12175 ns |     STATE |        Q_RUN -> Q_REQUEST |                         OK |
|   12185 ns |   QACTIVE |                         1 |       Device -> Controller |
|   12225 ns |  QACCEPTn |                         0 |       Device -> Controller |
|   12225 ns |     STATE |    Q_REQUEST -> Q_STOPPED |                         OK |
|   12265 ns |     QREQn |                         1 |       Controller -> Device |
|   12265 ns |     STATE |       Q_STOPPED -> Q_EXIT |                         OK |
|   12275 ns |  QACCEPTn |                         1 |       Device -> Controller |
|   12275 ns |     STATE |           Q_EXIT -> Q_RUN |                         OK |
|   12285 ns |   QACTIVE |                         0 |       Device -> Controller |
|   12295 ns |   QACTIVE |                         1 |       Device -> Controller |
|   12305 ns |   QACTIVE |                         0 |       Device -> Controller |
|   12315 ns |     QREQn |                         0 |       Controller -> Device |
|   12315 ns |     STATE |        Q_RUN -> Q_REQUEST |                         OK |
|   12355 ns |  QACCEPTn |                         0 |       Device -> Controller |
|   12355 ns |   QACTIVE |                         1 |       Device -> Controller |
|   12355 ns |     STATE |    Q_REQUEST -> Q_STOPPED |                         OK |
|   12405 ns |     QREQn |                         1 |       Controller -> Device |
|   12405 ns |   QACTIVE |                         0 |       Device -> Controller |
|   12405 ns |     STATE |       Q_STOPPED -> Q_EXIT |                         OK |
|   12415 ns |  QACCEPTn |                         1 |       Device -> Controller |
|   12415 ns |     STATE |           Q_EXIT -> Q_RUN |                         OK |
|   12425 ns |   QACTIVE |                         1 |       Device -> Controller |
|   12435 ns |   QACTIVE |                         0 |       Device -> Controller |
|   12445 ns |   QACTIVE |                         1 |       Device -> Controller |
|   12465 ns |   QACTIVE |                         0 |       Device -> Controller |
|   12485 ns |     QREQn |                         0 |       Controller -> Device |
|   12485 ns |     STATE |        Q_RUN -> Q_REQUEST |                         OK |
|   12495 ns |   QACTIVE |                         1 |       Device -> Controller |
|   12535 ns |  QACCEPTn |                         0 |       Device -> Controller |
|   12535 ns |     STATE |    Q_REQUEST -> Q_STOPPED |                         OK |
|   12565 ns |     QREQn |                         1 |       Controller -> Device |
|   12565 ns |     STATE |       Q_STOPPED -> Q_EXIT |                         OK |
|   12575 ns |  QACCEPTn |                         1 |       Device -> Controller |
|   12575 ns |   QACTIVE |                         0 |       Device -> Controller |
|   12575 ns |     STATE |           Q_EXIT -> Q_RUN |                         OK |
|   12615 ns |   QACTIVE |                         1 |       Device -> Controller |
|   12625 ns |   QACTIVE |                         0 |       Device -> Controller |
|   12635 ns |   QACTIVE |                         1 |       Device -> Controller |
|   12645 ns |   QACTIVE |                         0 |       Device -> Controller |
|   12675 ns |     QREQn |                         0 |       Controller -> Device |
|   12675 ns |   QACTIVE |                         1 |       Device -> Controller |
|   12675 ns |     STATE |        Q_RUN -> Q_REQUEST |                         OK |
|   12725 ns |  QACCEPTn |                         0 |       Device -> Controller |
|   12725 ns |     STATE |    Q_REQUEST -> Q_STOPPED |                         OK |
|   12775 ns |     QREQn |                         1 |       Controller -> Device |
|   12775 ns |   QACTIVE |                         0 |       Device -> Controller |
|   12775 ns |     STATE |       Q_STOPPED -> Q_EXIT |                         OK |
|   12785 ns |  QACCEPTn |                         1 |       Device -> Controller |
|   12785 ns |     STATE |           Q_EXIT -> Q_RUN |                         OK |
|   12845 ns |     QREQn |                         0 |       Controller -> Device |
|   12845 ns |   QACTIVE |                         1 |       Device -> Controller |
|   12845 ns |     STATE |        Q_RUN -> Q_REQUEST |                         OK |
|   12885 ns |  QACCEPTn |                         0 |       Device -> Controller |
|   12885 ns |   QACTIVE |                         0 |       Device -> Controller |
|   12885 ns |     STATE |    Q_REQUEST -> Q_STOPPED |                         OK |
|   12895 ns |   QACTIVE |                         1 |       Device -> Controller |
|   12915 ns |   QACTIVE |                         0 |       Device -> Controller |
|   12925 ns |   QACTIVE |                         1 |       Device -> Controller |
|   12945 ns |     QREQn |                         1 |       Controller -> Device |
|   12945 ns |   QACTIVE |                         0 |       Device -> Controller |
|   12945 ns |     STATE |       Q_STOPPED -> Q_EXIT |                         OK |
|   12955 ns |  QACCEPTn |                         1 |       Device -> Controller |
|   12955 ns |     STATE |           Q_EXIT -> Q_RUN |                         OK |
|   12985 ns |   QACTIVE |                         1 |       Device -> Controller |
|   13005 ns |   QACTIVE |                         0 |       Device -> Controller |
|   13035 ns |     QREQn |                         0 |       Controller -> Device |
|   13035 ns |     STATE |        Q_RUN -> Q_REQUEST |                         OK |
|   13045 ns |   QACTIVE |                         1 |       Device -> Controller |
|   13065 ns |  QACCEPTn |                         0 |       Device -> Controller |
|   13065 ns |     STATE |    Q_REQUEST -> Q_STOPPED |                         OK |
|   13085 ns |     QREQn |                         1 |       Controller -> Device |
|   13085 ns |     STATE |       Q_STOPPED -> Q_EXIT |                         OK |
|   13095 ns |  QACCEPTn |                         1 |       Device -> Controller |
|   13095 ns |     STATE |           Q_EXIT -> Q_RUN |                         OK |
|   13115 ns |   QACTIVE |                         0 |       Device -> Controller |
|   13185 ns |     QREQn |                         0 |       Controller -> Device |
|   13185 ns |     STATE |        Q_RUN -> Q_REQUEST |                         OK |
|   13205 ns |   QACTIVE |                         1 |       Device -> Controller |
|   13225 ns |  QACCEPTn |                         0 |       Device -> Controller |
|   13225 ns |     STATE |    Q_REQUEST -> Q_STOPPED |                         OK |
|   13265 ns |     QREQn |                         1 |       Controller -> Device |
|   13265 ns |     STATE |       Q_STOPPED -> Q_EXIT |                         OK |
|   13275 ns |  QACCEPTn |                         1 |       Device -> Controller |
|   13275 ns |   QACTIVE |                         0 |       Device -> Controller |
|   13275 ns |     STATE |           Q_EXIT -> Q_RUN |                         OK |
|   13355 ns |     QREQn |                         0 |       Controller -> Device |
|   13355 ns |     STATE |        Q_RUN -> Q_REQUEST |                         OK |
|   13385 ns |  QACCEPTn |                         0 |       Device -> Controller |
|   13385 ns |     STATE |    Q_REQUEST -> Q_STOPPED |                         OK |
|   13415 ns |     QREQn |                         1 |       Controller -> Device |
|   13415 ns |   QACTIVE |                         1 |       Device -> Controller |
|   13415 ns |     STATE |       Q_STOPPED -> Q_EXIT |                         OK |
|   13425 ns |  QACCEPTn |                         1 |       Device -> Controller |
|   13425 ns |     STATE |           Q_EXIT -> Q_RUN |                         OK |
|   13465 ns |   QACTIVE |                         0 |       Device -> Controller |
|   13515 ns |   QACTIVE |                         1 |       Device -> Controller |
|   13525 ns |     QREQn |                         0 |       Controller -> Device |
|   13525 ns |   QACTIVE |                         0 |       Device -> Controller |
|   13525 ns |     STATE |        Q_RUN -> Q_REQUEST |                         OK |
|   13545 ns |  QACCEPTn |                         0 |       Device -> Controller |
|   13545 ns |     STATE |    Q_REQUEST -> Q_STOPPED |                         OK |
|   13595 ns |   QACTIVE |                         1 |       Device -> Controller |
|   13605 ns |     QREQn |                         1 |       Controller -> Device |
|   13605 ns |   QACTIVE |                         0 |       Device -> Controller |
|   13605 ns |     STATE |       Q_STOPPED -> Q_EXIT |                         OK |
|   13615 ns |  QACCEPTn |                         1 |       Device -> Controller |
|   13615 ns |     STATE |           Q_EXIT -> Q_RUN |                         OK |
|   13635 ns |   QACTIVE |                         1 |       Device -> Controller |
|   13645 ns |   QACTIVE |                         0 |       Device -> Controller |
|   13655 ns |     QREQn |                         0 |       Controller -> Device |
|   13655 ns |     STATE |        Q_RUN -> Q_REQUEST |                         OK |
|   13685 ns |   QACTIVE |                         1 |       Device -> Controller |
|   13695 ns |     QDENY |                         1 |       Device -> Controller |
|   13695 ns |     STATE |     Q_REQUEST -> Q_DENIED |                         OK |
|   13715 ns |   QACTIVE |                         0 |       Device -> Controller |
|   13735 ns |     QREQn |                         1 |       Controller -> Device |
|   13735 ns |     STATE |    Q_DENIED -> Q_CONTINUE |                         OK |
|   13745 ns |     QDENY |                         0 |       Device -> Controller |
|   13745 ns |   QACTIVE |                         1 |       Device -> Controller |
|   13745 ns |     STATE |       Q_CONTINUE -> Q_RUN |                         OK |
|   13795 ns |   QACTIVE |                         0 |       Device -> Controller |
|   13825 ns |     QREQn |                         0 |       Controller -> Device |
|   13825 ns |     STATE |        Q_RUN -> Q_REQUEST |                         OK |
|   13875 ns |  QACCEPTn |                         0 |       Device -> Controller |
|   13875 ns |     STATE |    Q_REQUEST -> Q_STOPPED |                         OK |
|   13905 ns |     QREQn |                         1 |       Controller -> Device |
|   13905 ns |   QACTIVE |                         1 |       Device -> Controller |
|   13905 ns |     STATE |       Q_STOPPED -> Q_EXIT |                         OK |
|   13915 ns |  QACCEPTn |                         1 |       Device -> Controller |
|   13915 ns |     STATE |           Q_EXIT -> Q_RUN |                         OK |
|   13925 ns |   QACTIVE |                         0 |       Device -> Controller |
|   13945 ns |   QACTIVE |                         1 |       Device -> Controller |
|   13965 ns |   QACTIVE |                         0 |       Device -> Controller |
|   13985 ns |     QREQn |                         0 |       Controller -> Device |
|   13985 ns |     STATE |        Q_RUN -> Q_REQUEST |                         OK |
|   14025 ns |  QACCEPTn |                         0 |       Device -> Controller |
|   14025 ns |   QACTIVE |                         1 |       Device -> Controller |
|   14025 ns |     STATE |    Q_REQUEST -> Q_STOPPED |                         OK |
|   14035 ns |   QACTIVE |                         0 |       Device -> Controller |
|   14075 ns |     QREQn |                         1 |       Controller -> Device |
|   14075 ns |   QACTIVE |                         1 |       Device -> Controller |
|   14075 ns |     STATE |       Q_STOPPED -> Q_EXIT |                         OK |
|   14085 ns |  QACCEPTn |                         1 |       Device -> Controller |
|   14085 ns |     STATE |           Q_EXIT -> Q_RUN |                         OK |
|   14095 ns |   QACTIVE |                         0 |       Device -> Controller |
|   14135 ns |     QREQn |                         0 |       Controller -> Device |
|   14135 ns |   QACTIVE |                         1 |       Device -> Controller |
|   14135 ns |     STATE |        Q_RUN -> Q_REQUEST |                         OK |
|   14155 ns |     QDENY |                         1 |       Device -> Controller |
|   14155 ns |     STATE |     Q_REQUEST -> Q_DENIED |                         OK |
|   14175 ns |     QREQn |                         1 |       Controller -> Device |
|   14175 ns |     STATE |    Q_DENIED -> Q_CONTINUE |                         OK |
|   14185 ns |     QDENY |                         0 |       Device -> Controller |
|   14185 ns |     STATE |       Q_CONTINUE -> Q_RUN |                         OK |
|   14225 ns |     QREQn |                         0 |       Controller -> Device |
|   14225 ns |     STATE |        Q_RUN -> Q_REQUEST |                         OK |
|   14255 ns |  QACCEPTn |                         0 |       Device -> Controller |
|   14255 ns |     STATE |    Q_REQUEST -> Q_STOPPED |                         OK |
|   14295 ns |     QREQn |                         1 |       Controller -> Device |
|   14295 ns |     STATE |       Q_STOPPED -> Q_EXIT |                         OK |
|   14305 ns |  QACCEPTn |                         1 |       Device -> Controller |
|   14305 ns |     STATE |           Q_EXIT -> Q_RUN |                         OK |
|   14365 ns |   QACTIVE |                         0 |       Device -> Controller |
|   14395 ns |     QREQn |                         0 |       Controller -> Device |
|   14395 ns |     STATE |        Q_RUN -> Q_REQUEST |                         OK |
|   14405 ns |   QACTIVE |                         1 |       Device -> Controller |
|   14415 ns |   QACTIVE |                         0 |       Device -> Controller |
|   14425 ns |  QACCEPTn |                         0 |       Device -> Controller |
|   14425 ns |     STATE |    Q_REQUEST -> Q_STOPPED |                         OK |
|   14435 ns |   QACTIVE |                         1 |       Device -> Controller |
|   14445 ns |     QREQn |                         1 |       Controller -> Device |
|   14445 ns |   QACTIVE |                         0 |       Device -> Controller |
|   14445 ns |     STATE |       Q_STOPPED -> Q_EXIT |                         OK |
|   14455 ns |  QACCEPTn |                         1 |       Device -> Controller |
|   14455 ns |     STATE |           Q_EXIT -> Q_RUN |                         OK |
|   14485 ns |   QACTIVE |                         1 |       Device -> Controller |
|   14495 ns |     QREQn |                         0 |       Controller -> Device |
|   14495 ns |   QACTIVE |                         0 |       Device -> Controller |
|   14495 ns |     STATE |        Q_RUN -> Q_REQUEST |                         OK |
|   14545 ns |  QACCEPTn |                         0 |       Device -> Controller |
|   14545 ns |   QACTIVE |                         1 |       Device -> Controller |
|   14545 ns |     STATE |    Q_REQUEST -> Q_STOPPED |                         OK |
|   14575 ns |     QREQn |                         1 |       Controller -> Device |
|   14575 ns |     STATE |       Q_STOPPED -> Q_EXIT |                         OK |
|   14585 ns |  QACCEPTn |                         1 |       Device -> Controller |
|   14585 ns |     STATE |           Q_EXIT -> Q_RUN |                         OK |
|   14675 ns |     QREQn |                         0 |       Controller -> Device |
|   14675 ns |     STATE |        Q_RUN -> Q_REQUEST |                         OK |
|   14685 ns |   QACTIVE |                         0 |       Device -> Controller |
|   14705 ns |   QACTIVE |                         1 |       Device -> Controller |
|   14715 ns |   QACTIVE |                         0 |       Device -> Controller |
|   14725 ns |  QACCEPTn |                         0 |       Device -> Controller |
|   14725 ns |     STATE |    Q_REQUEST -> Q_STOPPED |                         OK |
|   14745 ns |     QREQn |                         1 |       Controller -> Device |
|   14745 ns |     STATE |       Q_STOPPED -> Q_EXIT |                         OK |
|   14755 ns |  QACCEPTn |                         1 |       Device -> Controller |
|   14755 ns |     STATE |           Q_EXIT -> Q_RUN |                         OK |
|   14775 ns |   QACTIVE |                         1 |       Device -> Controller |
|   14795 ns |     QREQn |                         0 |       Controller -> Device |
|   14795 ns |     STATE |        Q_RUN -> Q_REQUEST |                         OK |
|   14815 ns |     QDENY |                         1 |       Device -> Controller |
|   14815 ns |     STATE |     Q_REQUEST -> Q_DENIED |                         OK |
|   14835 ns |   QACTIVE |                         0 |       Device -> Controller |
|   14865 ns |     QREQn |                         1 |       Controller -> Device |
|   14865 ns |     STATE |    Q_DENIED -> Q_CONTINUE |                         OK |
|   14875 ns |     QDENY |                         0 |       Device -> Controller |
|   14875 ns |     STATE |       Q_CONTINUE -> Q_RUN |                         OK |
|   14915 ns |   QACTIVE |                         1 |       Device -> Controller |
|   14955 ns |   QACTIVE |                         0 |       Device -> Controller |
|   14975 ns |     QREQn |                         0 |       Controller -> Device |
|   14975 ns |     STATE |        Q_RUN -> Q_REQUEST |                         OK |
|   15005 ns |  QACCEPTn |                         0 |       Device -> Controller |
|   15005 ns |     STATE |    Q_REQUEST -> Q_STOPPED |                         OK |
|   15025 ns |     QREQn |                         1 |       Controller -> Device |
|   15025 ns |     STATE |       Q_STOPPED -> Q_EXIT |                         OK |
|   15035 ns |  QACCEPTn |                         1 |       Device -> Controller |
|   15035 ns |     STATE |           Q_EXIT -> Q_RUN |                         OK |
|   15085 ns |     QREQn |                         0 |       Controller -> Device |
|   15085 ns |     STATE |        Q_RUN -> Q_REQUEST |                         OK |
|   15105 ns |  QACCEPTn |                         0 |       Device -> Controller |
|   15105 ns |     STATE |    Q_REQUEST -> Q_STOPPED |                         OK |
|   15145 ns |     QREQn |                         1 |       Controller -> Device |
|   15145 ns |     STATE |       Q_STOPPED -> Q_EXIT |                         OK |
|   15155 ns |  QACCEPTn |                         1 |       Device -> Controller |
|   15155 ns |     STATE |           Q_EXIT -> Q_RUN |                         OK |
|   15185 ns |   QACTIVE |                         1 |       Device -> Controller |
|   15195 ns |     QREQn |                         0 |       Controller -> Device |
|   15195 ns |     STATE |        Q_RUN -> Q_REQUEST |                         OK |
|   15235 ns |     QDENY |                         1 |       Device -> Controller |
|   15235 ns |     STATE |     Q_REQUEST -> Q_DENIED |                         OK |
|   15265 ns |   QACTIVE |                         0 |       Device -> Controller |
|   15285 ns |     QREQn |                         1 |       Controller -> Device |
|   15285 ns |     STATE |    Q_DENIED -> Q_CONTINUE |                         OK |
|   15295 ns |     QDENY |                         0 |       Device -> Controller |
|   15295 ns |   QACTIVE |                         1 |       Device -> Controller |
|   15295 ns |     STATE |       Q_CONTINUE -> Q_RUN |                         OK |
|   15385 ns |     QREQn |                         0 |       Controller -> Device |
|   15385 ns |     STATE |        Q_RUN -> Q_REQUEST |                         OK |
|   15415 ns |  QACCEPTn |                         0 |       Device -> Controller |
|   15415 ns |     STATE |    Q_REQUEST -> Q_STOPPED |                         OK |
|   15425 ns |   QACTIVE |                         0 |       Device -> Controller |
|   15455 ns |   QACTIVE |                         1 |       Device -> Controller |
|   15475 ns |     QREQn |                         1 |       Controller -> Device |
|   15475 ns |     STATE |       Q_STOPPED -> Q_EXIT |                         OK |
|   15485 ns |  QACCEPTn |                         1 |       Device -> Controller |
|   15485 ns |     STATE |           Q_EXIT -> Q_RUN |                         OK |
|   15515 ns |   QACTIVE |                         0 |       Device -> Controller |
|   15535 ns |     QREQn |                         0 |       Controller -> Device |
|   15535 ns |     STATE |        Q_RUN -> Q_REQUEST |                         OK |
|   15555 ns |  QACCEPTn |                         0 |       Device -> Controller |
|   15555 ns |     STATE |    Q_REQUEST -> Q_STOPPED |                         OK |
|   15585 ns |     QREQn |                         1 |       Controller -> Device |
|   15585 ns |   QACTIVE |                         1 |       Device -> Controller |
|   15585 ns |     STATE |       Q_STOPPED -> Q_EXIT |                         OK |
|   15595 ns |  QACCEPTn |                         1 |       Device -> Controller |
|   15595 ns |     STATE |           Q_EXIT -> Q_RUN |                         OK |
|   15665 ns |     QREQn |                         0 |       Controller -> Device |
|   15665 ns |     STATE |        Q_RUN -> Q_REQUEST |                         OK |
|   15685 ns |  QACCEPTn |                         0 |       Device -> Controller |
|   15685 ns |     STATE |    Q_REQUEST -> Q_STOPPED |                         OK |
|   15695 ns |   QACTIVE |                         0 |       Device -> Controller |
|   15745 ns |     QREQn |                         1 |       Controller -> Device |
|   15745 ns |     STATE |       Q_STOPPED -> Q_EXIT |                         OK |
|   15755 ns |  QACCEPTn |                         1 |       Device -> Controller |
|   15755 ns |     STATE |           Q_EXIT -> Q_RUN |                         OK |
|   15795 ns |     QREQn |                         0 |       Controller -> Device |
|   15795 ns |     STATE |        Q_RUN -> Q_REQUEST |                         OK |
|   15805 ns |   QACTIVE |                         1 |       Device -> Controller |
|   15845 ns |  QACCEPTn |                         0 |       Device -> Controller |
|   15845 ns |     STATE |    Q_REQUEST -> Q_STOPPED |                         OK |
|   15895 ns |     QREQn |                         1 |       Controller -> Device |
|   15895 ns |   QACTIVE |                         0 |       Device -> Controller |
|   15895 ns |     STATE |       Q_STOPPED -> Q_EXIT |                         OK |
|   15905 ns |  QACCEPTn |                         1 |       Device -> Controller |
|   15905 ns |     STATE |           Q_EXIT -> Q_RUN |                         OK |
|   15925 ns |   QACTIVE |                         1 |       Device -> Controller |
|   15955 ns |     QREQn |                         0 |       Controller -> Device |
|   15955 ns |     STATE |        Q_RUN -> Q_REQUEST |                         OK |
|   15975 ns |     QDENY |                         1 |       Device -> Controller |
|   15975 ns |     STATE |     Q_REQUEST -> Q_DENIED |                         OK |
|   15985 ns |   QACTIVE |                         0 |       Device -> Controller |
|   15995 ns |     QREQn |                         1 |       Controller -> Device |
|   15995 ns |     STATE |    Q_DENIED -> Q_CONTINUE |                         OK |
|   16005 ns |     QDENY |                         0 |       Device -> Controller |
|   16005 ns |     STATE |       Q_CONTINUE -> Q_RUN |                         OK |
|   16015 ns |   QACTIVE |                         1 |       Device -> Controller |
|   16065 ns |   QACTIVE |                         0 |       Device -> Controller |
|   16075 ns |   QACTIVE |                         1 |       Device -> Controller |
|   16085 ns |     QREQn |                         0 |       Controller -> Device |
|   16085 ns |   QACTIVE |                         0 |       Device -> Controller |
|   16085 ns |     STATE |        Q_RUN -> Q_REQUEST |                         OK |
|   16115 ns |     QDENY |                         1 |       Device -> Controller |
|   16115 ns |     STATE |     Q_REQUEST -> Q_DENIED |                         OK |
|   16145 ns |     QREQn |                         1 |       Controller -> Device |
|   16145 ns |     STATE |    Q_DENIED -> Q_CONTINUE |                         OK |
|   16155 ns |     QDENY |                         0 |       Device -> Controller |
|   16155 ns |     STATE |       Q_CONTINUE -> Q_RUN |                         OK |
|   16165 ns |   QACTIVE |                         1 |       Device -> Controller |
|   16175 ns |   QACTIVE |                         0 |       Device -> Controller |
|   16225 ns |   QACTIVE |                         1 |       Device -> Controller |
|   16235 ns |   QACTIVE |                         0 |       Device -> Controller |
|   16255 ns |     QREQn |                         0 |       Controller -> Device |
|   16255 ns |     STATE |        Q_RUN -> Q_REQUEST |                         OK |
|   16265 ns |   QACTIVE |                         1 |       Device -> Controller |
|   16285 ns |  QACCEPTn |                         0 |       Device -> Controller |
|   16285 ns |     STATE |    Q_REQUEST -> Q_STOPPED |                         OK |
|   16335 ns |     QREQn |                         1 |       Controller -> Device |
|   16335 ns |     STATE |       Q_STOPPED -> Q_EXIT |                         OK |
|   16345 ns |  QACCEPTn |                         1 |       Device -> Controller |
|   16345 ns |     STATE |           Q_EXIT -> Q_RUN |                         OK |
|   16365 ns |   QACTIVE |                         0 |       Device -> Controller |
|   16415 ns |   QACTIVE |                         1 |       Device -> Controller |
|   16425 ns |     QREQn |                         0 |       Controller -> Device |
|   16425 ns |     STATE |        Q_RUN -> Q_REQUEST |                         OK |
|   16435 ns |   QACTIVE |                         0 |       Device -> Controller |
|   16465 ns |  QACCEPTn |                         0 |       Device -> Controller |
|   16465 ns |     STATE |    Q_REQUEST -> Q_STOPPED |                         OK |
|   16475 ns |   QACTIVE |                         1 |       Device -> Controller |
|   16505 ns |     QREQn |                         1 |       Controller -> Device |
|   16505 ns |     STATE |       Q_STOPPED -> Q_EXIT |                         OK |
|   16515 ns |  QACCEPTn |                         1 |       Device -> Controller |
|   16515 ns |     STATE |           Q_EXIT -> Q_RUN |                         OK |
|   16535 ns |   QACTIVE |                         0 |       Device -> Controller |
|   16575 ns |   QACTIVE |                         1 |       Device -> Controller |
|   16605 ns |     QREQn |                         0 |       Controller -> Device |
|   16605 ns |     STATE |        Q_RUN -> Q_REQUEST |                         OK |
|   16625 ns |  QACCEPTn |                         0 |       Device -> Controller |
|   16625 ns |     STATE |    Q_REQUEST -> Q_STOPPED |                         OK |
|   16685 ns |     QREQn |                         1 |       Controller -> Device |
|   16685 ns |     STATE |       Q_STOPPED -> Q_EXIT |                         OK |
|   16695 ns |  QACCEPTn |                         1 |       Device -> Controller |
|   16695 ns |     STATE |           Q_EXIT -> Q_RUN |                         OK |
|   16745 ns |     QREQn |                         0 |       Controller -> Device |
|   16745 ns |     STATE |        Q_RUN -> Q_REQUEST |                         OK |
|   16765 ns |  QACCEPTn |                         0 |       Device -> Controller |
|   16765 ns |     STATE |    Q_REQUEST -> Q_STOPPED |                         OK |
|   16795 ns |     QREQn |                         1 |       Controller -> Device |
|   16795 ns |     STATE |       Q_STOPPED -> Q_EXIT |                         OK |
|   16805 ns |  QACCEPTn |                         1 |       Device -> Controller |
|   16805 ns |     STATE |           Q_EXIT -> Q_RUN |                         OK |
|   16895 ns |   QACTIVE |                         0 |       Device -> Controller |
|   16905 ns |     QREQn |                         0 |       Controller -> Device |
|   16905 ns |     STATE |        Q_RUN -> Q_REQUEST |                         OK |
|   16945 ns |     QDENY |                         1 |       Device -> Controller |
|   16945 ns |     STATE |     Q_REQUEST -> Q_DENIED |                         OK |
|   16995 ns |   QACTIVE |                         1 |       Device -> Controller |
|   17005 ns |     QREQn |                         1 |       Controller -> Device |
|   17005 ns |     STATE |    Q_DENIED -> Q_CONTINUE |                         OK |
|   17015 ns |     QDENY |                         0 |       Device -> Controller |
|   17015 ns |     STATE |       Q_CONTINUE -> Q_RUN |                         OK |
|   17025 ns |   QACTIVE |                         0 |       Device -> Controller |
|   17055 ns |   QACTIVE |                         1 |       Device -> Controller |
|   17085 ns |   QACTIVE |                         0 |       Device -> Controller |
|   17095 ns |     QREQn |                         0 |       Controller -> Device |
|   17095 ns |   QACTIVE |                         1 |       Device -> Controller |
|   17095 ns |     STATE |        Q_RUN -> Q_REQUEST |                         OK |
|   17125 ns |  QACCEPTn |                         0 |       Device -> Controller |
|   17125 ns |   QACTIVE |                         0 |       Device -> Controller |
|   17125 ns |     STATE |    Q_REQUEST -> Q_STOPPED |                         OK |
|   17165 ns |     QREQn |                         1 |       Controller -> Device |
|   17165 ns |     STATE |       Q_STOPPED -> Q_EXIT |                         OK |
|   17175 ns |  QACCEPTn |                         1 |       Device -> Controller |
|   17175 ns |   QACTIVE |                         1 |       Device -> Controller |
|   17175 ns |     STATE |           Q_EXIT -> Q_RUN |                         OK |
|   17205 ns |   QACTIVE |                         0 |       Device -> Controller |
|   17265 ns |     QREQn |                         0 |       Controller -> Device |
|   17265 ns |   QACTIVE |                         1 |       Device -> Controller |
|   17265 ns |     STATE |        Q_RUN -> Q_REQUEST |                         OK |
|   17275 ns |   QACTIVE |                         0 |       Device -> Controller |
|   17305 ns |     QDENY |                         1 |       Device -> Controller |
|   17305 ns |     STATE |     Q_REQUEST -> Q_DENIED |                         OK |
|   17365 ns |     QREQn |                         1 |       Controller -> Device |
|   17365 ns |   QACTIVE |                         1 |       Device -> Controller |
|   17365 ns |     STATE |    Q_DENIED -> Q_CONTINUE |                         OK |
|   17375 ns |     QDENY |                         0 |       Device -> Controller |
|   17375 ns |     STATE |       Q_CONTINUE -> Q_RUN |                         OK |
|   17435 ns |   QACTIVE |                         0 |       Device -> Controller |
|   17455 ns |     QREQn |                         0 |       Controller -> Device |
|   17455 ns |     STATE |        Q_RUN -> Q_REQUEST |                         OK |
|   17475 ns |  QACCEPTn |                         0 |       Device -> Controller |
|   17475 ns |   QACTIVE |                         1 |       Device -> Controller |
|   17475 ns |     STATE |    Q_REQUEST -> Q_STOPPED |                         OK |
|   17495 ns |   QACTIVE |                         0 |       Device -> Controller |
|   17535 ns |     QREQn |                         1 |       Controller -> Device |
|   17535 ns |     STATE |       Q_STOPPED -> Q_EXIT |                         OK |
|   17545 ns |  QACCEPTn |                         1 |       Device -> Controller |
|   17545 ns |     STATE |           Q_EXIT -> Q_RUN |                         OK |
|   17575 ns |   QACTIVE |                         1 |       Device -> Controller |
|   17615 ns |   QACTIVE |                         0 |       Device -> Controller |
|   17625 ns |     QREQn |                         0 |       Controller -> Device |
|   17625 ns |     STATE |        Q_RUN -> Q_REQUEST |                         OK |
|   17645 ns |  QACCEPTn |                         0 |       Device -> Controller |
|   17645 ns |     STATE |    Q_REQUEST -> Q_STOPPED |                         OK |
|   17695 ns |     QREQn |                         1 |       Controller -> Device |
|   17695 ns |     STATE |       Q_STOPPED -> Q_EXIT |                         OK |
|   17705 ns |  QACCEPTn |                         1 |       Device -> Controller |
|   17705 ns |     STATE |           Q_EXIT -> Q_RUN |                         OK |
|   17755 ns |     QREQn |                         0 |       Controller -> Device |
|   17755 ns |     STATE |        Q_RUN -> Q_REQUEST |                         OK |
|   17775 ns |  QACCEPTn |                         0 |       Device -> Controller |
|   17775 ns |     STATE |    Q_REQUEST -> Q_STOPPED |                         OK |
|   17805 ns |   QACTIVE |                         1 |       Device -> Controller |
|   17815 ns |   QACTIVE |                         0 |       Device -> Controller |
|   17835 ns |     QREQn |                         1 |       Controller -> Device |
|   17835 ns |     STATE |       Q_STOPPED -> Q_EXIT |                         OK |
|   17845 ns |  QACCEPTn |                         1 |       Device -> Controller |
|   17845 ns |   QACTIVE |                         1 |       Device -> Controller |
|   17845 ns |     STATE |           Q_EXIT -> Q_RUN |                         OK |
|   17905 ns |   QACTIVE |                         0 |       Device -> Controller |
|   17935 ns |   QACTIVE |                         1 |       Device -> Controller |
|   17945 ns |     QREQn |                         0 |       Controller -> Device |
|   17945 ns |     STATE |        Q_RUN -> Q_REQUEST |                         OK |
|   17965 ns |   QACTIVE |                         0 |       Device -> Controller |
|   17975 ns |     QDENY |                         1 |       Device -> Controller |
|   17975 ns |     STATE |     Q_REQUEST -> Q_DENIED |                         OK |
|   17985 ns |   QACTIVE |                         1 |       Device -> Controller |
|   18035 ns |     QREQn |                         1 |       Controller -> Device |
|   18035 ns |   QACTIVE |                         0 |       Device -> Controller |
|   18035 ns |     STATE |    Q_DENIED -> Q_CONTINUE |                         OK |
|   18045 ns |     QDENY |                         0 |       Device -> Controller |
|   18045 ns |     STATE |       Q_CONTINUE -> Q_RUN |                         OK |
|   18115 ns |     QREQn |                         0 |       Controller -> Device |
|   18115 ns |     STATE |        Q_RUN -> Q_REQUEST |                         OK |
|   18135 ns |  QACCEPTn |                         0 |       Device -> Controller |
|   18135 ns |     STATE |    Q_REQUEST -> Q_STOPPED |                         OK |
|   18165 ns |     QREQn |                         1 |       Controller -> Device |
|   18165 ns |     STATE |       Q_STOPPED -> Q_EXIT |                         OK |
|   18175 ns |  QACCEPTn |                         1 |       Device -> Controller |
|   18175 ns |   QACTIVE |                         1 |       Device -> Controller |
|   18175 ns |     STATE |           Q_EXIT -> Q_RUN |                         OK |
|   18225 ns |   QACTIVE |                         0 |       Device -> Controller |
|   18255 ns |     QREQn |                         0 |       Controller -> Device |
|   18255 ns |     STATE |        Q_RUN -> Q_REQUEST |                         OK |
|   18265 ns |   QACTIVE |                         1 |       Device -> Controller |
|   18275 ns |   QACTIVE |                         0 |       Device -> Controller |
|   18285 ns |   QACTIVE |                         1 |       Device -> Controller |
|   18295 ns |  QACCEPTn |                         0 |       Device -> Controller |
|   18295 ns |     STATE |    Q_REQUEST -> Q_STOPPED |                         OK |
|   18305 ns |   QACTIVE |                         0 |       Device -> Controller |
|   18335 ns |     QREQn |                         1 |       Controller -> Device |
|   18335 ns |     STATE |       Q_STOPPED -> Q_EXIT |                         OK |
|   18345 ns |  QACCEPTn |                         1 |       Device -> Controller |
|   18345 ns |   QACTIVE |                         1 |       Device -> Controller |
|   18345 ns |     STATE |           Q_EXIT -> Q_RUN |                         OK |
|   18355 ns |   QACTIVE |                         0 |       Device -> Controller |
|   18375 ns |   QACTIVE |                         1 |       Device -> Controller |
|   18405 ns |     QREQn |                         0 |       Controller -> Device |
|   18405 ns |     STATE |        Q_RUN -> Q_REQUEST |                         OK |
|   18435 ns |   QACTIVE |                         0 |       Device -> Controller |
|   18445 ns |  QACCEPTn |                         0 |       Device -> Controller |
|   18445 ns |     STATE |    Q_REQUEST -> Q_STOPPED |                         OK |
|   18475 ns |   QACTIVE |                         1 |       Device -> Controller |
|   18495 ns |     QREQn |                         1 |       Controller -> Device |
|   18495 ns |     STATE |       Q_STOPPED -> Q_EXIT |                         OK |
|   18505 ns |  QACCEPTn |                         1 |       Device -> Controller |
|   18505 ns |     STATE |           Q_EXIT -> Q_RUN |                         OK |
|   18515 ns |   QACTIVE |                         0 |       Device -> Controller |
|   18545 ns |   QACTIVE |                         1 |       Device -> Controller |
|   18585 ns |     QREQn |                         0 |       Controller -> Device |
|   18585 ns |   QACTIVE |                         0 |       Device -> Controller |
|   18585 ns |     STATE |        Q_RUN -> Q_REQUEST |                         OK |
|   18605 ns |  QACCEPTn |                         0 |       Device -> Controller |
|   18605 ns |     STATE |    Q_REQUEST -> Q_STOPPED |                         OK |
|   18615 ns |   QACTIVE |                         1 |       Device -> Controller |
|   18635 ns |     QREQn |                         1 |       Controller -> Device |
|   18635 ns |     STATE |       Q_STOPPED -> Q_EXIT |                         OK |
|   18645 ns |  QACCEPTn |                         1 |       Device -> Controller |
|   18645 ns |   QACTIVE |                         0 |       Device -> Controller |
|   18645 ns |     STATE |           Q_EXIT -> Q_RUN |                         OK |
|   18715 ns |     QREQn |                         0 |       Controller -> Device |
|   18715 ns |   QACTIVE |                         1 |       Device -> Controller |
|   18715 ns |     STATE |        Q_RUN -> Q_REQUEST |                         OK |
|   18725 ns |   QACTIVE |                         0 |       Device -> Controller |
|   18765 ns |  QACCEPTn |                         0 |       Device -> Controller |
|   18765 ns |     STATE |    Q_REQUEST -> Q_STOPPED |                         OK |
|   18775 ns |   QACTIVE |                         1 |       Device -> Controller |
|   18795 ns |   QACTIVE |                         0 |       Device -> Controller |
|   18825 ns |     QREQn |                         1 |       Controller -> Device |
|   18825 ns |   QACTIVE |                         1 |       Device -> Controller |
|   18825 ns |     STATE |       Q_STOPPED -> Q_EXIT |                         OK |
|   18835 ns |  QACCEPTn |                         1 |       Device -> Controller |
|   18835 ns |   QACTIVE |                         0 |       Device -> Controller |
|   18835 ns |     STATE |           Q_EXIT -> Q_RUN |                         OK |
|   18875 ns |     QREQn |                         0 |       Controller -> Device |
|   18875 ns |     STATE |        Q_RUN -> Q_REQUEST |                         OK |
|   18885 ns |   QACTIVE |                         1 |       Device -> Controller |
|   18905 ns |  QACCEPTn |                         0 |       Device -> Controller |
|   18905 ns |     STATE |    Q_REQUEST -> Q_STOPPED |                         OK |
|   18945 ns |     QREQn |                         1 |       Controller -> Device |
|   18945 ns |   QACTIVE |                         0 |       Device -> Controller |
|   18945 ns |     STATE |       Q_STOPPED -> Q_EXIT |                         OK |
|   18955 ns |  QACCEPTn |                         1 |       Device -> Controller |
|   18955 ns |     STATE |           Q_EXIT -> Q_RUN |                         OK |
|   18965 ns |   QACTIVE |                         1 |       Device -> Controller |
|   19025 ns |   QACTIVE |                         0 |       Device -> Controller |
|   19035 ns |     QREQn |                         0 |       Controller -> Device |
|   19035 ns |   QACTIVE |                         1 |       Device -> Controller |
|   19035 ns |     STATE |        Q_RUN -> Q_REQUEST |                         OK |
|   19075 ns |  QACCEPTn |                         0 |       Device -> Controller |
|   19075 ns |     STATE |    Q_REQUEST -> Q_STOPPED |                         OK |
|   19135 ns |     QREQn |                         1 |       Controller -> Device |
|   19135 ns |   QACTIVE |                         0 |       Device -> Controller |
|   19135 ns |     STATE |       Q_STOPPED -> Q_EXIT |                         OK |
|   19145 ns |  QACCEPTn |                         1 |       Device -> Controller |
|   19145 ns |     STATE |           Q_EXIT -> Q_RUN |                         OK |
|   19175 ns |   QACTIVE |                         1 |       Device -> Controller |
|   19195 ns |     QREQn |                         0 |       Controller -> Device |
|   19195 ns |     STATE |        Q_RUN -> Q_REQUEST |                         OK |
|   19225 ns |     QDENY |                         1 |       Device -> Controller |
|   19225 ns |     STATE |     Q_REQUEST -> Q_DENIED |                         OK |
|   19285 ns |     QREQn |                         1 |       Controller -> Device |
|   19285 ns |     STATE |    Q_DENIED -> Q_CONTINUE |                         OK |
|   19295 ns |     QDENY |                         0 |       Device -> Controller |
|   19295 ns |     STATE |       Q_CONTINUE -> Q_RUN |                         OK |
|   19325 ns |   QACTIVE |                         0 |       Device -> Controller |
|   19375 ns |     QREQn |                         0 |       Controller -> Device |
|   19375 ns |     STATE |        Q_RUN -> Q_REQUEST |                         OK |
|   19395 ns |   QACTIVE |                         1 |       Device -> Controller |
|   19405 ns |   QACTIVE |                         0 |       Device -> Controller |
|   19415 ns |  QACCEPTn |                         0 |       Device -> Controller |
|   19415 ns |     STATE |    Q_REQUEST -> Q_STOPPED |                         OK |
|   19445 ns |     QREQn |                         1 |       Controller -> Device |
|   19445 ns |     STATE |       Q_STOPPED -> Q_EXIT |                         OK |
|   19455 ns |  QACCEPTn |                         1 |       Device -> Controller |
|   19455 ns |     STATE |           Q_EXIT -> Q_RUN |                         OK |
|   19525 ns |   QACTIVE |                         1 |       Device -> Controller |
|   19545 ns |     QREQn |                         0 |       Controller -> Device |
|   19545 ns |     STATE |        Q_RUN -> Q_REQUEST |                         OK |
|   19555 ns |   QACTIVE |                         0 |       Device -> Controller |
|   19575 ns |  QACCEPTn |                         0 |       Device -> Controller |
|   19575 ns |     STATE |    Q_REQUEST -> Q_STOPPED |                         OK |
|   19585 ns |   QACTIVE |                         1 |       Device -> Controller |
|   19595 ns |     QREQn |                         1 |       Controller -> Device |
|   19595 ns |     STATE |       Q_STOPPED -> Q_EXIT |                         OK |
|   19605 ns |  QACCEPTn |                         1 |       Device -> Controller |
|   19605 ns |     STATE |           Q_EXIT -> Q_RUN |                         OK |
|   19675 ns |     QREQn |                         0 |       Controller -> Device |
|   19675 ns |     STATE |        Q_RUN -> Q_REQUEST |                         OK |
|   19705 ns |     QDENY |                         1 |       Device -> Controller |
|   19705 ns |   QACTIVE |                         0 |       Device -> Controller |
|   19705 ns |     STATE |     Q_REQUEST -> Q_DENIED |                         OK |
|   19725 ns |   QACTIVE |                         1 |       Device -> Controller |
|   19755 ns |     QREQn |                         1 |       Controller -> Device |
|   19755 ns |     STATE |    Q_DENIED -> Q_CONTINUE |                         OK |
|   19765 ns |     QDENY |                         0 |       Device -> Controller |
|   19765 ns |     STATE |       Q_CONTINUE -> Q_RUN |                         OK |
|   19835 ns |   QACTIVE |                         0 |       Device -> Controller |
|   19865 ns |     QREQn |                         0 |       Controller -> Device |
|   19865 ns |   QACTIVE |                         1 |       Device -> Controller |
|   19865 ns |     STATE |        Q_RUN -> Q_REQUEST |                         OK |
|   19905 ns |   QACTIVE |                         0 |       Device -> Controller |
|   19915 ns |  QACCEPTn |                         0 |       Device -> Controller |
|   19915 ns |     STATE |    Q_REQUEST -> Q_STOPPED |                         OK |
|   19935 ns |   QACTIVE |                         1 |       Device -> Controller |
|   19955 ns |     QREQn |                         1 |       Controller -> Device |
|   19955 ns |   QACTIVE |                         0 |       Device -> Controller |
|   19955 ns |     STATE |       Q_STOPPED -> Q_EXIT |                         OK |
|   19965 ns |  QACCEPTn |                         1 |       Device -> Controller |
|   19965 ns |   QACTIVE |                         1 |       Device -> Controller |
|   19965 ns |     STATE |           Q_EXIT -> Q_RUN |                         OK |
|   20045 ns |   QACTIVE |                         0 |       Device -> Controller |
|   20055 ns |     QREQn |                         0 |       Controller -> Device |
|   20055 ns |   QACTIVE |                         1 |       Device -> Controller |
|   20055 ns |     STATE |        Q_RUN -> Q_REQUEST |                         OK |
|   20075 ns |  QACCEPTn |                         0 |       Device -> Controller |
|   20075 ns |     STATE |    Q_REQUEST -> Q_STOPPED |                         OK |
|   20105 ns |   QACTIVE |                         0 |       Device -> Controller |
|   20115 ns |     QREQn |                         1 |       Controller -> Device |
|   20115 ns |     STATE |       Q_STOPPED -> Q_EXIT |                         OK |
|   20125 ns |  QACCEPTn |                         1 |       Device -> Controller |
|   20125 ns |     STATE |           Q_EXIT -> Q_RUN |                         OK |
|   20145 ns |   QACTIVE |                         1 |       Device -> Controller |
|   20185 ns |   QACTIVE |                         0 |       Device -> Controller |
|   20195 ns |     QREQn |                         0 |       Controller -> Device |
|   20195 ns |     STATE |        Q_RUN -> Q_REQUEST |                         OK |
|   20225 ns |  QACCEPTn |                         0 |       Device -> Controller |
|   20225 ns |     STATE |    Q_REQUEST -> Q_STOPPED |                         OK |
|   20275 ns |     QREQn |                         1 |       Controller -> Device |
|   20275 ns |     STATE |       Q_STOPPED -> Q_EXIT |                         OK |
|   20285 ns |  QACCEPTn |                         1 |       Device -> Controller |
|   20285 ns |     STATE |           Q_EXIT -> Q_RUN |                         OK |
|   20295 ns |   QACTIVE |                         1 |       Device -> Controller |
|   20345 ns |     QREQn |                         0 |       Controller -> Device |
|   20345 ns |     STATE |        Q_RUN -> Q_REQUEST |                         OK |
|   20375 ns |  QACCEPTn |                         0 |       Device -> Controller |
|   20375 ns |     STATE |    Q_REQUEST -> Q_STOPPED |                         OK |
|   20385 ns |   QACTIVE |                         0 |       Device -> Controller |
|   20415 ns |     QREQn |                         1 |       Controller -> Device |
|   20415 ns |     STATE |       Q_STOPPED -> Q_EXIT |                         OK |
|   20425 ns |  QACCEPTn |                         1 |       Device -> Controller |
|   20425 ns |     STATE |           Q_EXIT -> Q_RUN |                         OK |
|   20445 ns |   QACTIVE |                         1 |       Device -> Controller |
|   20515 ns |     QREQn |                         0 |       Controller -> Device |
|   20515 ns |   QACTIVE |                         0 |       Device -> Controller |
|   20515 ns |     STATE |        Q_RUN -> Q_REQUEST |                         OK |
|   20525 ns |   QACTIVE |                         1 |       Device -> Controller |
|   20555 ns |  QACCEPTn |                         0 |       Device -> Controller |
|   20555 ns |     STATE |    Q_REQUEST -> Q_STOPPED |                         OK |
|   20585 ns |   QACTIVE |                         0 |       Device -> Controller |
|   20605 ns |     QREQn |                         1 |       Controller -> Device |
|   20605 ns |     STATE |       Q_STOPPED -> Q_EXIT |                         OK |
|   20615 ns |  QACCEPTn |                         1 |       Device -> Controller |
|   20615 ns |     STATE |           Q_EXIT -> Q_RUN |                         OK |
|   20675 ns |   QACTIVE |                         1 |       Device -> Controller |
|   20695 ns |     QREQn |                         0 |       Controller -> Device |
|   20695 ns |     STATE |        Q_RUN -> Q_REQUEST |                         OK |
|   20745 ns |  QACCEPTn |                         0 |       Device -> Controller |
|   20745 ns |     STATE |    Q_REQUEST -> Q_STOPPED |                         OK |
|   20775 ns |     QREQn |                         1 |       Controller -> Device |
|   20775 ns |     STATE |       Q_STOPPED -> Q_EXIT |                         OK |
|   20785 ns |  QACCEPTn |                         1 |       Device -> Controller |
|   20785 ns |   QACTIVE |                         0 |       Device -> Controller |
|   20785 ns |     STATE |           Q_EXIT -> Q_RUN |                         OK |
|   20875 ns |     QREQn |                         0 |       Controller -> Device |
|   20875 ns |     STATE |        Q_RUN -> Q_REQUEST |                         OK |
|   20895 ns |   QACTIVE |                         1 |       Device -> Controller |
|   20905 ns |     QDENY |                         1 |       Device -> Controller |
|   20905 ns |     STATE |     Q_REQUEST -> Q_DENIED |                         OK |
|   20925 ns |   QACTIVE |                         0 |       Device -> Controller |
|   20935 ns |     QREQn |                         1 |       Controller -> Device |
|   20935 ns |     STATE |    Q_DENIED -> Q_CONTINUE |                         OK |
|   20945 ns |     QDENY |                         0 |       Device -> Controller |
|   20945 ns |     STATE |       Q_CONTINUE -> Q_RUN |                         OK |
|   20985 ns |   QACTIVE |                         1 |       Device -> Controller |
|   20995 ns |     QREQn |                         0 |       Controller -> Device |
|   20995 ns |     STATE |        Q_RUN -> Q_REQUEST |                         OK |
|   21015 ns |   QACTIVE |                         0 |       Device -> Controller |
|   21025 ns |   QACTIVE |                         1 |       Device -> Controller |
|   21045 ns |     QDENY |                         1 |       Device -> Controller |
|   21045 ns |     STATE |     Q_REQUEST -> Q_DENIED |                         OK |
|   21065 ns |     QREQn |                         1 |       Controller -> Device |
|   21065 ns |     STATE |    Q_DENIED -> Q_CONTINUE |                         OK |
|   21075 ns |     QDENY |                         0 |       Device -> Controller |
|   21075 ns |     STATE |       Q_CONTINUE -> Q_RUN |                         OK |
|   21135 ns |   QACTIVE |                         0 |       Device -> Controller |
|   21145 ns |   QACTIVE |                         1 |       Device -> Controller |
|   21155 ns |     QREQn |                         0 |       Controller -> Device |
|   21155 ns |     STATE |        Q_RUN -> Q_REQUEST |                         OK |
|   21185 ns |   QACTIVE |                         0 |       Device -> Controller |
|   21205 ns |  QACCEPTn |                         0 |       Device -> Controller |
|   21205 ns |     STATE |    Q_REQUEST -> Q_STOPPED |                         OK |
|   21215 ns |   QACTIVE |                         1 |       Device -> Controller |
|   21245 ns |     QREQn |                         1 |       Controller -> Device |
|   21245 ns |     STATE |       Q_STOPPED -> Q_EXIT |                         OK |
|   21255 ns |  QACCEPTn |                         1 |       Device -> Controller |
|   21255 ns |     STATE |           Q_EXIT -> Q_RUN |                         OK |
|   21265 ns |   QACTIVE |                         0 |       Device -> Controller |
|   21305 ns |   QACTIVE |                         1 |       Device -> Controller |
|   21315 ns |     QREQn |                         0 |       Controller -> Device |
|   21315 ns |     STATE |        Q_RUN -> Q_REQUEST |                         OK |
|   21345 ns |     QDENY |                         1 |       Device -> Controller |
|   21345 ns |     STATE |     Q_REQUEST -> Q_DENIED |                         OK |
|   21385 ns |   QACTIVE |                         0 |       Device -> Controller |
|   21405 ns |     QREQn |                         1 |       Controller -> Device |
|   21405 ns |     STATE |    Q_DENIED -> Q_CONTINUE |                         OK |
|   21415 ns |     QDENY |                         0 |       Device -> Controller |
|   21415 ns |   QACTIVE |                         1 |       Device -> Controller |
|   21415 ns |     STATE |       Q_CONTINUE -> Q_RUN |                         OK |
|   21425 ns |   QACTIVE |                         0 |       Device -> Controller |
|   21505 ns |   QACTIVE |                         1 |       Device -> Controller |
|   21515 ns |     QREQn |                         0 |       Controller -> Device |
|   21515 ns |     STATE |        Q_RUN -> Q_REQUEST |                         OK |
|   21525 ns |   QACTIVE |                         0 |       Device -> Controller |
|   21535 ns |  QACCEPTn |                         0 |       Device -> Controller |
|   21535 ns |     STATE |    Q_REQUEST -> Q_STOPPED |                         OK |
|   21585 ns |     QREQn |                         1 |       Controller -> Device |
|   21585 ns |     STATE |       Q_STOPPED -> Q_EXIT |                         OK |
|   21595 ns |  QACCEPTn |                         1 |       Device -> Controller |
|   21595 ns |     STATE |           Q_EXIT -> Q_RUN |                         OK |
|   21615 ns |   QACTIVE |                         1 |       Device -> Controller |
|   21645 ns |     QREQn |                         0 |       Controller -> Device |
|   21645 ns |     STATE |        Q_RUN -> Q_REQUEST |                         OK |
|   21665 ns |     QDENY |                         1 |       Device -> Controller |
|   21665 ns |     STATE |     Q_REQUEST -> Q_DENIED |                         OK |
|   21675 ns |   QACTIVE |                         0 |       Device -> Controller |
|   21715 ns |     QREQn |                         1 |       Controller -> Device |
|   21715 ns |     STATE |    Q_DENIED -> Q_CONTINUE |                         OK |
|   21725 ns |     QDENY |                         0 |       Device -> Controller |
|   21725 ns |     STATE |       Q_CONTINUE -> Q_RUN |                         OK |
|   21735 ns |   QACTIVE |                         1 |       Device -> Controller |
|   21795 ns |     QREQn |                         0 |       Controller -> Device |
|   21795 ns |     STATE |        Q_RUN -> Q_REQUEST |                         OK |
|   21805 ns |   QACTIVE |                         0 |       Device -> Controller |
|   21825 ns |  QACCEPTn |                         0 |       Device -> Controller |
|   21825 ns |     STATE |    Q_REQUEST -> Q_STOPPED |                         OK |
|   21835 ns |   QACTIVE |                         1 |       Device -> Controller |
|   21865 ns |   QACTIVE |                         0 |       Device -> Controller |
|   21875 ns |     QREQn |                         1 |       Controller -> Device |
|   21875 ns |     STATE |       Q_STOPPED -> Q_EXIT |                         OK |
|   21885 ns |  QACCEPTn |                         1 |       Device -> Controller |
|   21885 ns |     STATE |           Q_EXIT -> Q_RUN |                         OK |
|   21915 ns |   QACTIVE |                         1 |       Device -> Controller |
|   21925 ns |   QACTIVE |                         0 |       Device -> Controller |
|   21935 ns |   QACTIVE |                         1 |       Device -> Controller |
|   21985 ns |     QREQn |                         0 |       Controller -> Device |
|   21985 ns |   QACTIVE |                         0 |       Device -> Controller |
|   21985 ns |     STATE |        Q_RUN -> Q_REQUEST |                         OK |
|   22005 ns |  QACCEPTn |                         0 |       Device -> Controller |
|   22005 ns |     STATE |    Q_REQUEST -> Q_STOPPED |                         OK |
|   22055 ns |     QREQn |                         1 |       Controller -> Device |
|   22055 ns |     STATE |       Q_STOPPED -> Q_EXIT |                         OK |
|   22065 ns |  QACCEPTn |                         1 |       Device -> Controller |
|   22065 ns |     STATE |           Q_EXIT -> Q_RUN |                         OK |
|   22125 ns |     QREQn |                         0 |       Controller -> Device |
|   22125 ns |     STATE |        Q_RUN -> Q_REQUEST |                         OK |
|   22145 ns |   QACTIVE |                         1 |       Device -> Controller |
|   22155 ns |  QACCEPTn |                         0 |       Device -> Controller |
|   22155 ns |     STATE |    Q_REQUEST -> Q_STOPPED |                         OK |
|   22175 ns |   QACTIVE |                         0 |       Device -> Controller |
|   22185 ns |   QACTIVE |                         1 |       Device -> Controller |
|   22195 ns |     QREQn |                         1 |       Controller -> Device |
|   22195 ns |   QACTIVE |                         0 |       Device -> Controller |
|   22195 ns |     STATE |       Q_STOPPED -> Q_EXIT |                         OK |
|   22205 ns |  QACCEPTn |                         1 |       Device -> Controller |
|   22205 ns |     STATE |           Q_EXIT -> Q_RUN |                         OK |
|   22225 ns |   QACTIVE |                         1 |       Device -> Controller |
|   22275 ns |     QREQn |                         0 |       Controller -> Device |
|   22275 ns |     STATE |        Q_RUN -> Q_REQUEST |                         OK |
|   22295 ns |  QACCEPTn |                         0 |       Device -> Controller |
|   22295 ns |     STATE |    Q_REQUEST -> Q_STOPPED |                         OK |
|   22325 ns |   QACTIVE |                         0 |       Device -> Controller |
|   22355 ns |     QREQn |                         1 |       Controller -> Device |
|   22355 ns |     STATE |       Q_STOPPED -> Q_EXIT |                         OK |
|   22365 ns |  QACCEPTn |                         1 |       Device -> Controller |
|   22365 ns |     STATE |           Q_EXIT -> Q_RUN |                         OK |
|   22455 ns |     QREQn |                         0 |       Controller -> Device |
|   22455 ns |     STATE |        Q_RUN -> Q_REQUEST |                         OK |
|   22495 ns |   QACTIVE |                         1 |       Device -> Controller |
|   22505 ns |     QDENY |                         1 |       Device -> Controller |
|   22505 ns |     STATE |     Q_REQUEST -> Q_DENIED |                         OK |
|   22515 ns |   QACTIVE |                         0 |       Device -> Controller |
|   22525 ns |     QREQn |                         1 |       Controller -> Device |
|   22525 ns |     STATE |    Q_DENIED -> Q_CONTINUE |                         OK |
|   22535 ns |     QDENY |                         0 |       Device -> Controller |
|   22535 ns |     STATE |       Q_CONTINUE -> Q_RUN |                         OK |
|   22615 ns |     QREQn |                         0 |       Controller -> Device |
|   22615 ns |     STATE |        Q_RUN -> Q_REQUEST |                         OK |
|   22635 ns |   QACTIVE |                         1 |       Device -> Controller |
|   22645 ns |   QACTIVE |                         0 |       Device -> Controller |
|   22665 ns |  QACCEPTn |                         0 |       Device -> Controller |
|   22665 ns |   QACTIVE |                         1 |       Device -> Controller |
|   22665 ns |     STATE |    Q_REQUEST -> Q_STOPPED |                         OK |
|   22685 ns |     QREQn |                         1 |       Controller -> Device |
|   22685 ns |   QACTIVE |                         0 |       Device -> Controller |
|   22685 ns |     STATE |       Q_STOPPED -> Q_EXIT |                         OK |
|   22695 ns |  QACCEPTn |                         1 |       Device -> Controller |
|   22695 ns |   QACTIVE |                         1 |       Device -> Controller |
|   22695 ns |     STATE |           Q_EXIT -> Q_RUN |                         OK |
|   22725 ns |   QACTIVE |                         0 |       Device -> Controller |
|   22745 ns |   QACTIVE |                         1 |       Device -> Controller |
|   22765 ns |   QACTIVE |                         0 |       Device -> Controller |
|   22775 ns |     QREQn |                         0 |       Controller -> Device |
|   22775 ns |     STATE |        Q_RUN -> Q_REQUEST |                         OK |
|   22815 ns |  QACCEPTn |                         0 |       Device -> Controller |
|   22815 ns |     STATE |    Q_REQUEST -> Q_STOPPED |                         OK |
|   22835 ns |     QREQn |                         1 |       Controller -> Device |
|   22835 ns |     STATE |       Q_STOPPED -> Q_EXIT |                         OK |
|   22845 ns |  QACCEPTn |                         1 |       Device -> Controller |
|   22845 ns |     STATE |           Q_EXIT -> Q_RUN |                         OK |
|   22905 ns |     QREQn |                         0 |       Controller -> Device |
|   22905 ns |     STATE |        Q_RUN -> Q_REQUEST |                         OK |
|   22925 ns |   QACTIVE |                         1 |       Device -> Controller |
|   22935 ns |   QACTIVE |                         0 |       Device -> Controller |
|   22945 ns |  QACCEPTn |                         0 |       Device -> Controller |
|   22945 ns |   QACTIVE |                         1 |       Device -> Controller |
|   22945 ns |     STATE |    Q_REQUEST -> Q_STOPPED |                         OK |
|   22965 ns |   QACTIVE |                         0 |       Device -> Controller |
|   22975 ns |     QREQn |                         1 |       Controller -> Device |
|   22975 ns |     STATE |       Q_STOPPED -> Q_EXIT |                         OK |
|   22985 ns |  QACCEPTn |                         1 |       Device -> Controller |
|   22985 ns |     STATE |           Q_EXIT -> Q_RUN |                         OK |
|   23045 ns |     QREQn |                         0 |       Controller -> Device |
|   23045 ns |     STATE |        Q_RUN -> Q_REQUEST |                         OK |
|   23095 ns |     QDENY |                         1 |       Device -> Controller |
|   23095 ns |   QACTIVE |                         1 |       Device -> Controller |
|   23095 ns |     STATE |     Q_REQUEST -> Q_DENIED |                         OK |
|   23135 ns |   QACTIVE |                         0 |       Device -> Controller |
|   23155 ns |     QREQn |                         1 |       Controller -> Device |
|   23155 ns |   QACTIVE |                         1 |       Device -> Controller |
|   23155 ns |     STATE |    Q_DENIED -> Q_CONTINUE |                         OK |
|   23165 ns |     QDENY |                         0 |       Device -> Controller |
|   23165 ns |     STATE |       Q_CONTINUE -> Q_RUN |                         OK |
|   23225 ns |     QREQn |                         0 |       Controller -> Device |
|   23225 ns |     STATE |        Q_RUN -> Q_REQUEST |                         OK |
|   23255 ns |  QACCEPTn |                         0 |       Device -> Controller |
|   23255 ns |     STATE |    Q_REQUEST -> Q_STOPPED |                         OK |
|   23285 ns |     QREQn |                         1 |       Controller -> Device |
|   23285 ns |   QACTIVE |                         0 |       Device -> Controller |
|   23285 ns |     STATE |       Q_STOPPED -> Q_EXIT |                         OK |
|   23295 ns |  QACCEPTn |                         1 |       Device -> Controller |
|   23295 ns |     STATE |           Q_EXIT -> Q_RUN |                         OK |
|   23375 ns |     QREQn |                         0 |       Controller -> Device |
|   23375 ns |     STATE |        Q_RUN -> Q_REQUEST |                         OK |
|   23395 ns |     QDENY |                         1 |       Device -> Controller |
|   23395 ns |     STATE |     Q_REQUEST -> Q_DENIED |                         OK |
|   23415 ns |     QREQn |                         1 |       Controller -> Device |
|   23415 ns |   QACTIVE |                         1 |       Device -> Controller |
|   23415 ns |     STATE |    Q_DENIED -> Q_CONTINUE |                         OK |
|   23425 ns |     QDENY |                         0 |       Device -> Controller |
|   23425 ns |     STATE |       Q_CONTINUE -> Q_RUN |                         OK |
|   23435 ns |   QACTIVE |                         0 |       Device -> Controller |
|   23455 ns |   QACTIVE |                         1 |       Device -> Controller |
|------------|-----------|---------------------------|----------------------------|
