|------------|-----------|---------------------------|----------------------------|
|       Time |    Signal |                 New value |          Direction / Check |
|------------|-----------|---------------------------|----------------------------|
|      55 ns |     QREQn |                         0 |       Controller -> Device |
|      55 ns |     STATE |        Q_RUN -> Q_REQUEST |                         OK |
|     105 ns |     QDENY |                         1 |       Device -> Controller |
|     105 ns |     STATE |     Q_REQUEST -> Q_DENIED |                         OK |
|     155 ns |     QREQn |                         1 |       Controller -> Device |
|     155 ns |   QACTIVE |                         1 |       Device -> Controller |
|     155 ns |     STATE |    Q_DENIED -> Q_CONTINUE |                         OK |
|     165 ns |     QDENY |                         0 |       Device -> Controller |
|     165 ns |     STATE |       Q_CONTINUE -> Q_RUN |                         OK |
|     185 ns |   QACTIVE |                         0 |       Device -> Controller |
|     265 ns |     QREQn |                         0 |       Controller -> Device |
|     265 ns |     STATE |        Q_RUN -> Q_REQUEST |                         OK |
|     275 ns |   QACTIVE |                         1 |       Device -> Controller |
|     305 ns |     QDENY |                         1 |       Device -> Controller |
|     305 ns |     STATE |     Q_REQUEST -> Q_DENIED |                         OK |
|     355 ns |     QREQn |                         1 |       Controller -> Device |
|     355 ns |     STATE |    Q_DENIED -> Q_CONTINUE |                         OK |
|     365 ns |     QDENY |                         0 |       Device -> Controller |
|     365 ns |   QACTIVE |                         0 |       Device -> Controller |
|     365 ns |     STATE |       Q_CONTINUE -> Q_RUN |                         OK |
|     395 ns |   QACTIVE |                         1 |       Device -> Controller |
|     405 ns |     QREQn |                         0 |       Controller -> Device |
|     405 ns |     STATE |        Q_RUN -> Q_REQUEST |                         OK |
|     445 ns |  QACCEPTn |                         0 |       Device -> Controller |
|     445 ns |     QDENY |                         1 |       Device -> Controller |
|     445 ns |     STATE |    Q_REQUEST -> Q_ILLEGAL | *** ILLEGAL TRANSITION *** |
|     475 ns |     QREQn |                         1 |       Controller -> Device |
|     475 ns |   QACTIVE |                         0 |       Device -> Controller |
|     485 ns |  QACCEPTn |                         1 |       Device -> Controller |
|     485 ns |     STATE |   Q_ILLEGAL -> Q_CONTINUE | *** ILLEGAL TRANSITION *** |
|     495 ns |     QDENY |                         0 |       Device -> Controller |
|     495 ns |   QACTIVE |                         1 |       Device -> Controller |
|     495 ns |     STATE |       Q_CONTINUE -> Q_RUN |                         OK |
|     525 ns |   QACTIVE |                         0 |       Device -> Controller |
|     575 ns |   QACTIVE |                         1 |       Device -> Controller |
|     595 ns |     QREQn |                         0 |       Controller -> Device |
|     595 ns |   QACTIVE |                         0 |       Device -> Controller |
|     595 ns |     STATE |        Q_RUN -> Q_REQUEST |                         OK |
|     615 ns |     QDENY |                         1 |       Device -> Controller |
|     615 ns |     STATE |     Q_REQUEST -> Q_DENIED |                         OK |
|     625 ns |   QACTIVE |                         1 |       Device -> Controller |
|     635 ns |     QREQn |                         1 |       Controller -> Device |
|     635 ns |   QACTIVE |                         0 |       Device -> Controller |
|     635 ns |     STATE |    Q_DENIED -> Q_CONTINUE |                         OK |
|     645 ns |     QDENY |                         0 |       Device -> Controller |
|     645 ns |     STATE |       Q_CONTINUE -> Q_RUN |                         OK |
|     655 ns |   QACTIVE |                         1 |       Device -> Controller |
|     735 ns |     QREQn |                         0 |       Controller -> Device |
|     735 ns |   QACTIVE |                         0 |       Device -> Controller |
|     735 ns |     STATE |        Q_RUN -> Q_REQUEST |                         OK |
|     765 ns |  QACCEPTn |                         0 |       Device -> Controller |
|     765 ns |   QACTIVE |                         1 |       Device -> Controller |
|     765 ns |     STATE |    Q_REQUEST -> Q_STOPPED |                         OK |
|     795 ns |     QREQn |                         1 |       Controller -> Device |
|     795 ns |     STATE |       Q_STOPPED -> Q_EXIT |                         OK |
|     805 ns |  QACCEPTn |                         1 |       Device -> Controller |
|     805 ns |     STATE |           Q_EXIT -> Q_RUN |                         OK |
|     855 ns |   QACTIVE |                         0 |       Device -> Controller |
|     885 ns |     QREQn |                         0 |       Controller -> Device |
|     885 ns |     STATE |        Q_RUN -> Q_REQUEST |                         OK |
|     915 ns |  QACCEPTn |                         0 |       Device -> Controller |
|     915 ns |     STATE |    Q_REQUEST -> Q_STOPPED |                         OK |
|     965 ns |     QREQn |                         1 |       Controller -> Device |
|     965 ns |   QACTIVE |                         1 |       Device -> Controller |
|     965 ns |     STATE |       Q_STOPPED -> Q_EXIT |                         OK |
|     975 ns |  QACCEPTn |                         1 |       Device -> Controller |
|     975 ns |   QACTIVE |                         0 |       Device -> Controller |
|     975 ns |     STATE |           Q_EXIT -> Q_RUN |                         OK |
|    1025 ns |   QACTIVE |                         1 |       Device -> Controller |
|    1035 ns |   QACTIVE |                         0 |       Device -> Controller |
|    1045 ns |     QREQn |                         0 |       Controller -> Device |
|    1045 ns |     STATE |        Q_RUN -> Q_REQUEST |                         OK |
|    1085 ns |  QACCEPTn |                         0 |       Device -> Controller |
|    1085 ns |     STATE |    Q_REQUEST -> Q_STOPPED |                         OK |
|    1095 ns |   QACTIVE |                         1 |       Device -> Controller |
|    1105 ns |   QACTIVE |                         0 |       Device -> Controller |
|    1145 ns |     QREQn |                         1 |       Controller -> Device |
|    1145 ns |     STATE |       Q_STOPPED -> Q_EXIT |                         OK |
|    1155 ns |  QACCEPTn |                         1 |       Device -> Controller |
|    1155 ns |   QACTIVE |                         1 |       Device -> Controller |
|    1155 ns |     STATE |           Q_EXIT -> Q_RUN |                         OK |
|    1205 ns |   QACTIVE |                         0 |       Device -> Controller |
|    1215 ns |     QREQn |                         0 |       Controller -> Device |
|    1215 ns |     STATE |        Q_RUN -> Q_REQUEST |                         OK |
|    1245 ns |     QDENY |                         1 |       Device -> Controller |
|    1245 ns |     STATE |     Q_REQUEST -> Q_DENIED |                         OK |
|    1275 ns |     QREQn |                         1 |       Controller -> Device |
|    1275 ns |     STATE |    Q_DENIED -> Q_CONTINUE |                         OK |
|    1285 ns |     QDENY |                         0 |       Device -> Controller |
|    1285 ns |   QACTIVE |                         1 |       Device -> Controller |
|    1285 ns |     STATE |       Q_CONTINUE -> Q_RUN |                         OK |
|    1315 ns |   QACTIVE |                         0 |       Device -> Controller |
|    1335 ns |     QREQn |                         0 |       Controller -> Device |
|    1335 ns |   QACTIVE |                         1 |       Device -> Controller |
|    1335 ns |     STATE |        Q_RUN -> Q_REQUEST |                         OK |
|    1345 ns |   QACTIVE |                         0 |       Device -> Controller |
|    1365 ns |  QACCEPTn |                         0 |       Device -> Controller |
|    1365 ns |     STATE |    Q_REQUEST -> Q_STOPPED |                         OK |
|    1375 ns |   QACTIVE |                         1 |       Device -> Controller |
|    1385 ns |     QREQn |                         1 |       Controller -> Device |
|    1385 ns |     STATE |       Q_STOPPED -> Q_EXIT |                         OK |
|    1395 ns |  QACCEPTn |                         1 |       Device -> Controller |
|    1395 ns |     STATE |           Q_EXIT -> Q_RUN |                         OK |
|    1405 ns |   QACTIVE |                         0 |       Device -> Controller |
|    1475 ns |     QREQn |                         0 |       Controller -> Device |
|    1475 ns |   QACTIVE |                         1 |       Device -> Controller |
|    1475 ns |     STATE |        Q_RUN -> Q_REQUEST |                         OK |
|    1495 ns |     QDENY |                         1 |       Device -> Controller |
|    1495 ns |     STATE |     Q_REQUEST -> Q_DENIED |                         OK |
|    1525 ns |   QACTIVE |                         0 |       Device -> Controller |
|    1545 ns |     QREQn |                         1 |       Controller -> Device |
|    1545 ns |     STATE |    Q_DENIED -> Q_CONTINUE |                         OK |
|    1555 ns |     QDENY |                         0 |       Device -> Controller |
|    1555 ns |     STATE |       Q_CONTINUE -> Q_RUN |                         OK |
|    1595 ns |   QACTIVE |                         1 |       Device -> Controller |
|    1605 ns |   QACTIVE |                         0 |       Device -> Controller |
|    1615 ns |     QREQn |                         0 |       Controller -> Device |
|    1615 ns |   QACTIVE |                         1 |       Device -> Controller |
|    1615 ns |     STATE |        Q_RUN -> Q_REQUEST |                         OK |
|    1635 ns |  QACCEPTn |                         0 |       Device -> Controller |
|    1635 ns |   QACTIVE |                         0 |       Device -> Controller |
|    1635 ns |     STATE |    Q_REQUEST -> Q_STOPPED |                         OK |
|    1665 ns |     QREQn |                         1 |       Controller -> Device |
|    1665 ns |     STATE |       Q_STOPPED -> Q_EXIT |                         OK |
|    1675 ns |  QACCEPTn |                         1 |       Device -> Controller |
|    1675 ns |     STATE |           Q_EXIT -> Q_RUN |                         OK |
|    1725 ns |   QACTIVE |                         1 |       Device -> Controller |
|    1735 ns |   QACTIVE |                         0 |       Device -> Controller |
|    1745 ns |   QACTIVE |                         1 |       Device -> Controller |
|    1765 ns |     QREQn |                         0 |       Controller -> Device |
|    1765 ns |     STATE |        Q_RUN -> Q_REQUEST |                         OK |
|    1775 ns |   QACTIVE |                         0 |       Device -> Controller |
|    1785 ns |   QACTIVE |                         1 |       Device -> Controller |
|    1805 ns |   QACTIVE |                         0 |       Device -> Controller |
|    1815 ns |     QDENY |                         1 |       Device -> Controller |
|    1815 ns |   QACTIVE |                         1 |       Device -> Controller |
|    1815 ns |     STATE |     Q_REQUEST -> Q_DENIED |                         OK |
|    1825 ns |   QACTIVE |                         0 |       Device -> Controller |
|    1835 ns |   QACTIVE |                         1 |       Device -> Controller |
|    1845 ns |     QREQn |                         1 |       Controller -> Device |
|    1845 ns |     STATE |    Q_DENIED -> Q_CONTINUE |                         OK |
|    1855 ns |     QDENY |                         0 |       Device -> Controller |
|    1855 ns |     STATE |       Q_CONTINUE -> Q_RUN |                         OK |
|    1865 ns |   QACTIVE |                         0 |       Device -> Controller |
|    1925 ns |     QREQn |                         0 |       Controller -> Device |
|    1925 ns |   QACTIVE |                         1 |       Device -> Controller |
|    1925 ns |     STATE |        Q_RUN -> Q_REQUEST |                         OK |
|    1945 ns |  QACCEPTn |                         0 |       Device -> Controller |
|    1945 ns |   QACTIVE |                         0 |       Device -> Controller |
|    1945 ns |     STATE |    Q_REQUEST -> Q_STOPPED |                         OK |
|    1975 ns |   QACTIVE |                         1 |       Device -> Controller |
|    1985 ns |     QREQn |                         1 |       Controller -> Device |
|    1985 ns |     STATE |       Q_STOPPED -> Q_EXIT |                         OK |
|    1995 ns |  QACCEPTn |                         1 |       Device -> Controller |
|    1995 ns |     STATE |           Q_EXIT -> Q_RUN |                         OK |
|    2055 ns |   QACTIVE |                         0 |       Device -> Controller |
|    2075 ns |     QREQn |                         0 |       Controller -> Device |
|    2075 ns |   QACTIVE |                         1 |       Device -> Controller |
|    2075 ns |     STATE |        Q_RUN -> Q_REQUEST |                         OK |
|    2125 ns |  QACCEPTn |                         0 |       Device -> Controller |
|    2125 ns |     STATE |    Q_REQUEST -> Q_STOPPED |                         OK |
|    2145 ns |   QACTIVE |                         0 |       Device -> Controller |
|    2155 ns |   QACTIVE |                         1 |       Device -> Controller |
|    2165 ns |     QREQn |                         1 |       Controller -> Device |
|    2165 ns |     STATE |       Q_STOPPED -> Q_EXIT |                         OK |
|    2175 ns |  QACCEPTn |                         1 |       Device -> Controller |
|    2175 ns |     STATE |           Q_EXIT -> Q_RUN |                         OK |
|    2225 ns |     QREQn |                         0 |       Controller -> Device |
|    2225 ns |     STATE |        Q_RUN -> Q_REQUEST |                         OK |
|    2235 ns |   QACTIVE |                         0 |       Device -> Controller |
|    2255 ns |  QACCEPTn |                         0 |       Device -> Controller |
|    2255 ns |     STATE |    Q_REQUEST -> Q_STOPPED |                         OK |
|    2295 ns |     QREQn |                         1 |       Controller -> Device |
|    2295 ns |     STATE |       Q_STOPPED -> Q_EXIT |                         OK |
|    2305 ns |  QACCEPTn |                         1 |       Device -> Controller |
|    2305 ns |     STATE |           Q_EXIT -> Q_RUN |                         OK |
|    2365 ns |   QACTIVE |                         1 |       Device -> Controller |
|    2375 ns |     QREQn |                         0 |       Controller -> Device |
|    2375 ns |     STATE |        Q_RUN -> Q_REQUEST |                         OK |
|    2415 ns |     QDENY |                         1 |       Device -> Controller |
|    2415 ns |     STATE |     Q_REQUEST -> Q_DENIED |                         OK |
|    2425 ns |   QACTIVE |                         0 |       Device -> Controller |
|    2445 ns |     QREQn |                         1 |       Controller -> Device |
|    2445 ns |     STATE |    Q_DENIED -> Q_CONTINUE |                         OK |
|    2455 ns |     QDENY |                         0 |       Device -> Controller |
|    2455 ns |     STATE |       Q_CONTINUE -> Q_RUN |                         OK |
|    2465 ns |   QACTIVE |                         1 |       Device -> Controller |
|    2505 ns |   QACTIVE |                         0 |       Device -> Controller |
|    2515 ns |     QREQn |                         0 |       Controller -> Device |
|    2515 ns |     STATE |        Q_RUN -> Q_REQUEST |                         OK |
|    2555 ns |  QACCEPTn |                         0 |       Device -> Controller |
|    2555 ns |     STATE |    Q_REQUEST -> Q_STOPPED |                         OK |
|    2585 ns |     QREQn |                         1 |       Controller -> Device |
|    2585 ns |     STATE |       Q_STOPPED -> Q_EXIT |                         OK |
|    2595 ns |  QACCEPTn |                         1 |       Device -> Controller |
|    2595 ns |     STATE |           Q_EXIT -> Q_RUN |                         OK |
|    2605 ns |   QACTIVE |                         1 |       Device -> Controller |
|    2615 ns |   QACTIVE |                         0 |       Device -> Controller |
|    2625 ns |   QACTIVE |                         1 |       Device -> Controller |
|    2645 ns |     QREQn |                         0 |       Controller -> Device |
|    2645 ns |     STATE |        Q_RUN -> Q_REQUEST |                         OK |
|    2685 ns |  QACCEPTn |                         0 |       Device -> Controller |
|    2685 ns |     STATE |    Q_REQUEST -> Q_STOPPED |                         OK |
|    2725 ns |     QREQn |                         1 |       Controller -> Device |
|    2725 ns |     STATE |       Q_STOPPED -> Q_EXIT |                         OK |
|    2735 ns |  QACCEPTn |                         1 |       Device -> Controller |
|    2735 ns |   QACTIVE |                         0 |       Device -> Controller |
|    2735 ns |     STATE |           Q_EXIT -> Q_RUN |                         OK |
|    2785 ns |   QACTIVE |                         1 |       Device -> Controller |
|    2805 ns |   QACTIVE |                         0 |       Device -> Controller |
|    2825 ns |     QREQn |                         0 |       Controller -> Device |
|    2825 ns |     STATE |        Q_RUN -> Q_REQUEST |                         OK |
|    2845 ns |  QACCEPTn |                         0 |       Device -> Controller |
|    2845 ns |     STATE |    Q_REQUEST -> Q_STOPPED |                         OK |
|    2855 ns |   QACTIVE |                         1 |       Device -> Controller |
|    2885 ns |   QACTIVE |                         0 |       Device -> Controller |
|    2895 ns |     QREQn |                         1 |       Controller -> Device |
|    2895 ns |     STATE |       Q_STOPPED -> Q_EXIT |                         OK |
|    2905 ns |  QACCEPTn |                         1 |       Device -> Controller |
|    2905 ns |     STATE |           Q_EXIT -> Q_RUN |                         OK |
|    2955 ns |   QACTIVE |                         1 |       Device -> Controller |
|    2985 ns |     QREQn |                         0 |       Controller -> Device |
|    2985 ns |     STATE |        Q_RUN -> Q_REQUEST |                         OK |
|    3035 ns |  QACCEPTn |                         0 |       Device -> Controller |
|    3035 ns |     STATE |    Q_REQUEST -> Q_STOPPED |                         OK |
|    3055 ns |   QACTIVE |                         0 |       Device -> Controller |
|    3065 ns |     QREQn |                         1 |       Controller -> Device |
|    3065 ns |     STATE |       Q_STOPPED -> Q_EXIT |                         OK |
|    3075 ns |  QACCEPTn |                         1 |       Device -> Controller |
|    3075 ns |     STATE |           Q_EXIT -> Q_RUN |                         OK |
|    3135 ns |     QREQn |                         0 |       Controller -> Device |
|    3135 ns |   QACTIVE |                         1 |       Device -> Controller |
|    3135 ns |     STATE |        Q_RUN -> Q_REQUEST |                         OK |
|    3175 ns |     QDENY |                         1 |       Device -> Controller |
|    3175 ns |   QACTIVE |                         0 |       Device -> Controller |
|    3175 ns |     STATE |     Q_REQUEST -> Q_DENIED |                         OK |
|    3225 ns |     QREQn |                         1 |       Controller -> Device |
|    3225 ns |   QACTIVE |                         1 |       Device -> Controller |
|    3225 ns |     STATE |    Q_DENIED -> Q_CONTINUE |                         OK |
|    3235 ns |     QDENY |                         0 |       Device -> Controller |
|    3235 ns |   QACTIVE |                         0 |       Device -> Controller |
|    3235 ns |     STATE |       Q_CONTINUE -> Q_RUN |                         OK |
|    3325 ns |     QREQn |                         0 |       Controller -> Device |
|    3325 ns |     STATE |        Q_RUN -> Q_REQUEST |                         OK |
|    3345 ns |   QACTIVE |                         1 |       Device -> Controller |
|    3355 ns |   QACTIVE |                         0 |       Device -> Controller |
|    3365 ns |     QDENY |                         1 |       Device -> Controller |
|    3365 ns |     STATE |     Q_REQUEST -> Q_DENIED |                         OK |
|    3395 ns |     QREQn |                         1 |       Controller -> Device |
|    3395 ns |     STATE |    Q_DENIED -> Q_CONTINUE |                         OK |
|    3405 ns |     QDENY |                         0 |       Device -> Controller |
|    3405 ns |     STATE |       Q_CONTINUE -> Q_RUN |                         OK |
|    3455 ns |     QREQn |                         0 |       Controller -> Device |
|    3455 ns |   QACTIVE |                         1 |       Device -> Controller |
|    3455 ns |     STATE |        Q_RUN -> Q_REQUEST |                         OK |
|    3485 ns |   QACTIVE |                         0 |       Device -> Controller |
|    3495 ns |   QACTIVE |                         1 |       Device -> Controller |
|    3505 ns |     QDENY |                         1 |       Device -> Controller |
|    3505 ns |     STATE |     Q_REQUEST -> Q_DENIED |                         OK |
|    3515 ns |   QACTIVE |                         0 |       Device -> Controller |
|    3565 ns |     QREQn |                         1 |       Controller -> Device |
|    3565 ns |     STATE |    Q_DENIED -> Q_CONTINUE |                         OK |
|    3575 ns |     QDENY |                         0 |       Device -> Controller |
|    3575 ns |     STATE |       Q_CONTINUE -> Q_RUN |                         OK |
|    3645 ns |     QREQn |                         0 |       Controller -> Device |
|    3645 ns |     STATE |        Q_RUN -> Q_REQUEST |                         OK |
|    3675 ns |  QACCEPTn |                         0 |       Device -> Controller |
|    3675 ns |     STATE |    Q_REQUEST -> Q_STOPPED |                         OK |
|    3685 ns |   QACTIVE |                         1 |       Device -> Controller |
|    3705 ns |   QACTIVE |                         0 |       Device -> Controller |
|    3735 ns |     QREQn |                         1 |       Controller -> Device |
|    3735 ns |     STATE |       Q_STOPPED -> Q_EXIT |                         OK |
|    3745 ns |  QACCEPTn |                         1 |       Device -> Controller |
|    3745 ns |     STATE |           Q_EXIT -> Q_RUN |                         OK |
|    3835 ns |     QREQn |                         0 |       Controller -> Device |
|    3835 ns |     STATE |        Q_RUN -> Q_REQUEST |                         OK |
|    3855 ns |   QACTIVE |                         1 |       Device -> Controller |
|    3875 ns |     QDENY |                         1 |       Device -> Controller |
|    3875 ns |     STATE |     Q_REQUEST -> Q_DENIED |                         OK |
|    3885 ns |   QACTIVE |                         0 |       Device -> Controller |
|    3905 ns |     QREQn |                         1 |       Controller -> Device |
|    3905 ns |   QACTIVE |                         1 |       Device -> Controller |
|    3905 ns |     STATE |    Q_DENIED -> Q_CONTINUE |                         OK |
|    3915 ns |     QDENY |                         0 |       Device -> Controller |
|    3915 ns |     STATE |       Q_CONTINUE -> Q_RUN |                         OK |
|    3935 ns |   QACTIVE |                         0 |       Device -> Controller |
|    3975 ns |     QREQn |                         0 |       Controller -> Device |
|    3975 ns |     STATE |        Q_RUN -> Q_REQUEST |                         OK |
|    3995 ns |  QACCEPTn |                         0 |       Device -> Controller |
|    3995 ns |     STATE |    Q_REQUEST -> Q_STOPPED |                         OK |
|    4025 ns |     QREQn |                         1 |       Controller -> Device |
|    4025 ns |     STATE |       Q_STOPPED -> Q_EXIT |                         OK |
|    4035 ns |  QACCEPTn |                         1 |       Device -> Controller |
|    4035 ns |     STATE |           Q_EXIT -> Q_RUN |                         OK |
|    4085 ns |   QACTIVE |                         1 |       Device -> Controller |
|    4115 ns |   QACTIVE |                         0 |       Device -> Controller |
|    4125 ns |     QREQn |                         0 |       Controller -> Device |
|    4125 ns |   QACTIVE |                         1 |       Device -> Controller |
|    4125 ns |     STATE |        Q_RUN -> Q_REQUEST |                         OK |
|    4155 ns |   QACTIVE |                         0 |       Device -> Controller |
|    4165 ns |  QACCEPTn |                         0 |       Device -> Controller |
|    4165 ns |     STATE |    Q_REQUEST -> Q_STOPPED |                         OK |
|    4195 ns |     QREQn |                         1 |       Controller -> Device |
|    4195 ns |     STATE |       Q_STOPPED -> Q_EXIT |                         OK |
|    4205 ns |  QACCEPTn |                         1 |       Device -> Controller |
|    4205 ns |   QACTIVE |                         1 |       Device -> Controller |
|    4205 ns |     STATE |           Q_EXIT -> Q_RUN |                         OK |
|    4225 ns |   QACTIVE |                         0 |       Device -> Controller |
|    4235 ns |   QACTIVE |                         1 |       Device -> Controller |
|    4255 ns |   QACTIVE |                         0 |       Device -> Controller |
|    4265 ns |     QREQn |                         0 |       Controller -> Device |
|    4265 ns |     STATE |        Q_RUN -> Q_REQUEST |                         OK |
|    4285 ns |  QACCEPTn |                         0 |       Device -> Controller |
|    4285 ns |   QACTIVE |                         1 |       Device -> Controller |
|    4285 ns |     STATE |    Q_REQUEST -> Q_STOPPED |                         OK |
|    4315 ns |   QACTIVE |                         0 |       Device -> Controller |
|    4345 ns |     QREQn |                         1 |       Controller -> Device |
|    4345 ns |     STATE |       Q_STOPPED -> Q_EXIT |                         OK |
|    4355 ns |  QACCEPTn |                         1 |       Device -> Controller |
|    4355 ns |     STATE |           Q_EXIT -> Q_RUN |                         OK |
|    4385 ns |   QACTIVE |                         1 |       Device -> Controller |
|    4405 ns |   QACTIVE |                         0 |       Device -> Controller |
|    4425 ns |     QREQn |                         0 |       Controller -> Device |
|    4425 ns |   QACTIVE |                         1 |       Device -> Controller |
|    4425 ns |     STATE |        Q_RUN -> Q_REQUEST |                         OK |
|    4455 ns |  QACCEPTn |                         0 |       Device -> Controller |
|    4455 ns |     STATE |    Q_REQUEST -> Q_STOPPED |                         OK |
|    4465 ns |   QACTIVE |                         0 |       Device -> Controller |
|    4515 ns |     QREQn |                         1 |       Controller -> Device |
|    4515 ns |     STATE |       Q_STOPPED -> Q_EXIT |                         OK |
|    4525 ns |  QACCEPTn |                         1 |       Device -> Controller |
|    4525 ns |     STATE |           Q_EXIT -> Q_RUN |                         OK |
|    4575 ns |     QREQn |                         0 |       Controller -> Device |
|    4575 ns |     STATE |        Q_RUN -> Q_REQUEST |                         OK |
|    4615 ns |  QACCEPTn |                         0 |       Device -> Controller |
|    4615 ns |     STATE |    Q_REQUEST -> Q_STOPPED |                         OK |
|    4625 ns |   QACTIVE |                         1 |       Device -> Controller |
|    4675 ns |     QREQn |                         1 |       Controller -> Device |
|    4675 ns |   QACTIVE |                         0 |       Device -> Controller |
|    4675 ns |     STATE |       Q_STOPPED -> Q_EXIT |                         OK |
|    4685 ns |  QACCEPTn |                         1 |       Device -> Controller |
|    4685 ns |     STATE |           Q_EXIT -> Q_RUN |                         OK |
|    4765 ns |   QACTIVE |                         1 |       Device -> Controller |
|    4785 ns |     QREQn |                         0 |       Controller -> Device |
|    4785 ns |     STATE |        Q_RUN -> Q_REQUEST |                         OK |
|    4805 ns |  QACCEPTn |                         0 |       Device -> Controller |
|    4805 ns |     STATE |    Q_REQUEST -> Q_STOPPED |                         OK |
|    4845 ns |   QACTIVE |                         0 |       Device -> Controller |
|    4865 ns |     QREQn |                         1 |       Controller -> Device |
|    4865 ns |     STATE |       Q_STOPPED -> Q_EXIT |                         OK |
|    4875 ns |  QACCEPTn |                         1 |       Device -> Controller |
|    4875 ns |     STATE |           Q_EXIT -> Q_RUN |                         OK |
|    4885 ns |   QACTIVE |                         1 |       Device -> Controller |
|    4955 ns |     QREQn |                         0 |       Controller -> Device |
|    4955 ns |     STATE |        Q_RUN -> Q_REQUEST |                         OK |
|    4965 ns |   QACTIVE |                         0 |       Device -> Controller |
|    4985 ns |   QACTIVE |                         1 |       Device -> Controller |
|    5005 ns |  QACCEPTn |                         0 |       Device -> Controller |
|    5005 ns |     STATE |    Q_REQUEST -> Q_STOPPED |                         OK |
|    5025 ns |     QREQn |                         1 |       Controller -> Device |
|    5025 ns |     STATE |       Q_STOPPED -> Q_EXIT |                         OK |
|    5035 ns |  QACCEPTn |                         1 |       Device -> Controller |
|    5035 ns |     STATE |           Q_EXIT -> Q_RUN |                         OK |
|    5125 ns |     QREQn |                         0 |       Controller -> Device |
|    5125 ns |     STATE |        Q_RUN -> Q_REQUEST |                         OK |
|    5155 ns |     QDENY |                         1 |       Device -> Controller |
|    5155 ns |     STATE |     Q_REQUEST -> Q_DENIED |                         OK |
|    5185 ns |   QACTIVE |                         0 |       Device -> Controller |
|    5215 ns |     QREQn |                         1 |       Controller -> Device |
|    5215 ns |     STATE |    Q_DENIED -> Q_CONTINUE |                         OK |
|    5225 ns |     QDENY |                         0 |       Device -> Controller |
|    5225 ns |     STATE |       Q_CONTINUE -> Q_RUN |                         OK |
|    5245 ns |   QACTIVE |                         1 |       Device -> Controller |
|    5325 ns |     QREQn |                         0 |       Controller -> Device |
|    5325 ns |     STATE |        Q_RUN -> Q_REQUEST |                         OK |
|    5335 ns |   QACTIVE |                         0 |       Device -> Controller |
|    5345 ns |  QACCEPTn |                         0 |       Device -> Controller |
|    5345 ns |   QACTIVE |                         1 |       Device -> Controller |
|    5345 ns |     STATE |    Q_REQUEST -> Q_STOPPED |                         OK |
|    5365 ns |     QREQn |                         1 |       Controller -> Device |
|    5365 ns |   QACTIVE |                         0 |       Device -> Controller |
|    5365 ns |     STATE |       Q_STOPPED -> Q_EXIT |                         OK |
|    5375 ns |  QACCEPTn |                         1 |       Device -> Controller |
|    5375 ns |   QACTIVE |                         1 |       Device -> Controller |
|    5375 ns |     STATE |           Q_EXIT -> Q_RUN |                         OK |
|    5405 ns |   QACTIVE |                         0 |       Device -> Controller |
|    5435 ns |     QREQn |                         0 |       Controller -> Device |
|    5435 ns |     STATE |        Q_RUN -> Q_REQUEST |                         OK |
|    5465 ns |     QDENY |                         1 |       Device -> Controller |
|    5465 ns |     STATE |     Q_REQUEST -> Q_DENIED |                         OK |
|    5495 ns |     QREQn |                         1 |       Controller -> Device |
|    5495 ns |   QACTIVE |                         1 |       Device -> Controller |
|    5495 ns |     STATE |    Q_DENIED -> Q_CONTINUE |                         OK |
|    5505 ns |     QDENY |                         0 |       Device -> Controller |
|    5505 ns |     STATE |       Q_CONTINUE -> Q_RUN |                         OK |
|    5565 ns |     QREQn |                         0 |       Controller -> Device |
|    5565 ns |     STATE |        Q_RUN -> Q_REQUEST |                         OK |
|    5585 ns |   QACTIVE |                         0 |       Device -> Controller |
|    5595 ns |   QACTIVE |                         1 |       Device -> Controller |
|    5615 ns |  QACCEPTn |                         0 |       Device -> Controller |
|    5615 ns |     STATE |    Q_REQUEST -> Q_STOPPED |                         OK |
|    5635 ns |     QREQn |                         1 |       Controller -> Device |
|    5635 ns |     STATE |       Q_STOPPED -> Q_EXIT |                         OK |
|    5645 ns |  QACCEPTn |                         1 |       Device -> Controller |
|    5645 ns |     STATE |           Q_EXIT -> Q_RUN |                         OK |
|    5675 ns |   QACTIVE |                         0 |       Device -> Controller |
|    5685 ns |   QACTIVE |                         1 |       Device -> Controller |
|    5695 ns |   QACTIVE |                         0 |       Device -> Controller |
|    5705 ns |   QACTIVE |                         1 |       Device -> Controller |
|    5745 ns |     QREQn |                         0 |       Controller -> Device |
|    5745 ns |     STATE |        Q_RUN -> Q_REQUEST |                         OK |
|    5775 ns |     QDENY |                         1 |       Device -> Controller |
|    5775 ns |   QACTIVE |                         0 |       Device -> Controller |
|    5775 ns |     STATE |     Q_REQUEST -> Q_DENIED |                         OK |
|    5815 ns |     QREQn |                         1 |       Controller -> Device |
|    5815 ns |     STATE |    Q_DENIED -> Q_CONTINUE |                         OK |
|    5825 ns |     QDENY |                         0 |       Device -> Controller |
|    5825 ns |     STATE |       Q_CONTINUE -> Q_RUN |                         OK |
|    5865 ns |   QACTIVE |                         1 |       Device -> Controller |
|    5885 ns |   QACTIVE |                         0 |       Device -> Controller |
|    5905 ns |     QREQn |                         0 |       Controller -> Device |
|    5905 ns |     STATE |        Q_RUN -> Q_REQUEST |                         OK |
|    5935 ns |     QDENY |                         1 |       Device -> Controller |
|    5935 ns |     STATE |     Q_REQUEST -> Q_DENIED |                         OK |
|    5955 ns |   QACTIVE |                         1 |       Device -> Controller |
|    5975 ns |   QACTIVE |                         0 |       Device -> Controller |
|    5995 ns |     QREQn |                         1 |       Controller -> Device |
|    5995 ns |     STATE |    Q_DENIED -> Q_CONTINUE |                         OK |
|    6005 ns |     QDENY |                         0 |       Device -> Controller |
|    6005 ns |   QACTIVE |                         1 |       Device -> Controller |
|    6005 ns |     STATE |       Q_CONTINUE -> Q_RUN |                         OK |
|    6015 ns |   QACTIVE |                         0 |       Device -> Controller |
|    6075 ns |     QREQn |                         0 |       Controller -> Device |
|    6075 ns |     STATE |        Q_RUN -> Q_REQUEST |                         OK |
|    6095 ns |   QACTIVE |                         1 |       Device -> Controller |
|    6125 ns |     QDENY |                         1 |       Device -> Controller |
|    6125 ns |     STATE |     Q_REQUEST -> Q_DENIED |                         OK |
|    6185 ns |     QREQn |                         1 |       Controller -> Device |
|    6185 ns |     STATE |    Q_DENIED -> Q_CONTINUE |                         OK |
|    6195 ns |     QDENY |                         0 |       Device -> Controller |
|    6195 ns |     STATE |       Q_CONTINUE -> Q_RUN |                         OK |
|    6215 ns |   QACTIVE |                         0 |       Device -> Controller |
|    6225 ns |   QACTIVE |                         1 |       Device -> Controller |
|    6245 ns |     QREQn |                         0 |       Controller -> Device |
|    6245 ns |     STATE |        Q_RUN -> Q_REQUEST |                         OK |
|    6265 ns |  QACCEPTn |                         0 |       Device -> Controller |
|    6265 ns |     STATE |    Q_REQUEST -> Q_STOPPED |                         OK |
|    6295 ns |     QREQn |                         1 |       Controller -> Device |
|    6295 ns |     STATE |       Q_STOPPED -> Q_EXIT |                         OK |
|    6305 ns |  QACCEPTn |                         1 |       Device -> Controller |
|    6305 ns |     STATE |           Q_EXIT -> Q_RUN |                         OK |
|    6325 ns |   QACTIVE |                         0 |       Device -> Controller |
|    6365 ns |   QACTIVE |                         1 |       Device -> Controller |
|    6385 ns |     QREQn |                         0 |       Controller -> Device |
|    6385 ns |     STATE |        Q_RUN -> Q_REQUEST |                         OK |
|    6425 ns |     QDENY |                         1 |       Device -> Controller |
|    6425 ns |     STATE |     Q_REQUEST -> Q_DENIED |                         OK |
|    6455 ns |   QACTIVE |                         0 |       Device -> Controller |
|    6485 ns |     QREQn |                         1 |       Controller -> Device |
|    6485 ns |     STATE |    Q_DENIED -> Q_CONTINUE |                         OK |
|    6495 ns |     QDENY |                         0 |       Device -> Controller |
|    6495 ns |     STATE |       Q_CONTINUE -> Q_RUN |                         OK |
|    6535 ns |     QREQn |                         0 |       Controller -> Device |
|    6535 ns |     STATE |        Q_RUN -> Q_REQUEST |                         OK |
|    6555 ns |  QACCEPTn |                         0 |       Device -> Controller |
|    6555 ns |     STATE |    Q_REQUEST -> Q_STOPPED |                         OK |
|    6565 ns |   QACTIVE |                         1 |       Device -> Controller |
|    6605 ns |     QREQn |                         1 |       Controller -> Device |
|    6605 ns |     STATE |       Q_STOPPED -> Q_EXIT |                         OK |
|    6615 ns |  QACCEPTn |                         1 |       Device -> Controller |
|    6615 ns |     STATE |           Q_EXIT -> Q_RUN |                         OK |
|    6675 ns |     QREQn |                         0 |       Controller -> Device |
|    6675 ns |     STATE |        Q_RUN -> Q_REQUEST |                         OK |
|    6685 ns |   QACTIVE |                         0 |       Device -> Controller |
|    6725 ns |  QACCEPTn |                         0 |       Device -> Controller |
|    6725 ns |     STATE |    Q_REQUEST -> Q_STOPPED |                         OK |
|    6755 ns |     QREQn |                         1 |       Controller -> Device |
|    6755 ns |     STATE |       Q_STOPPED -> Q_EXIT |                         OK |
|    6765 ns |  QACCEPTn |                         1 |       Device -> Controller |
|    6765 ns |   QACTIVE |                         1 |       Device -> Controller |
|    6765 ns |     STATE |           Q_EXIT -> Q_RUN |                         OK |
|    6795 ns |   QACTIVE |                         0 |       Device -> Controller |
|    6845 ns |     QREQn |                         0 |       Controller -> Device |
|    6845 ns |     STATE |        Q_RUN -> Q_REQUEST |                         OK |
|    6865 ns |   QACTIVE |                         1 |       Device -> Controller |
|    6895 ns |  QACCEPTn |                         0 |       Device -> Controller |
|    6895 ns |     STATE |    Q_REQUEST -> Q_STOPPED |                         OK |
|    6925 ns |     QREQn |                         1 |       Controller -> Device |
|    6925 ns |     STATE |       Q_STOPPED -> Q_EXIT |                         OK |
|    6935 ns |  QACCEPTn |                         1 |       Device -> Controller |
|    6935 ns |   QACTIVE |                         0 |       Device -> Controller |
|    6935 ns |     STATE |           Q_EXIT -> Q_RUN |                         OK |
|    6995 ns |     QREQn |                         0 |       Controller -> Device |
|    6995 ns |   QACTIVE |                         1 |       Device -> Controller |
|    6995 ns |     STATE |        Q_RUN -> Q_REQUEST |                         OK |
|    7025 ns |  QACCEPTn |                         0 |       Device -> Controller |
|    7025 ns |     STATE |    Q_REQUEST -> Q_STOPPED |                         OK |
|    7045 ns |     QREQn |                         1 |       Controller -> Device |
|    7045 ns |     STATE |       Q_STOPPED -> Q_EXIT |                         OK |
|    7055 ns |  QACCEPTn |                         1 |       Device -> Controller |
|    7055 ns |     STATE |           Q_EXIT -> Q_RUN |                         OK |
|    7075 ns |   QACTIVE |                         0 |       Device -> Controller |
|    7105 ns |     QREQn |                         0 |       Controller -> Device |
|    7105 ns |     STATE |        Q_RUN -> Q_REQUEST |                         OK |
|    7115 ns |   QACTIVE |                         1 |       Device -> Controller |
|    7125 ns |  QACCEPTn |                         0 |       Device -> Controller |
|    7125 ns |     STATE |    Q_REQUEST -> Q_STOPPED |                         OK |
|    7175 ns |     QREQn |                         1 |       Controller -> Device |
|    7175 ns |     STATE |       Q_STOPPED -> Q_EXIT |                         OK |
|    7185 ns |  QACCEPTn |                         1 |       Device -> Controller |
|    7185 ns |     STATE |           Q_EXIT -> Q_RUN |                         OK |
|    7235 ns |     QREQn |                         0 |       Controller -> Device |
|    7235 ns |     STATE |        Q_RUN -> Q_REQUEST |                         OK |
|    7255 ns |     QDENY |                         1 |       Device -> Controller |
|    7255 ns |     STATE |     Q_REQUEST -> Q_DENIED |                         OK |
|    7265 ns |   QACTIVE |                         0 |       Device -> Controller |
|    7285 ns |     QREQn |                         1 |       Controller -> Device |
|    7285 ns |     STATE |    Q_DENIED -> Q_CONTINUE |                         OK |
|    7295 ns |     QDENY |                         0 |       Device -> Controller |
|    7295 ns |     STATE |       Q_CONTINUE -> Q_RUN |                         OK |
|    7325 ns |   QACTIVE |                         1 |       Device -> Controller |
|    7335 ns |   QACTIVE |                         0 |       Device -> Controller |
|    7375 ns |   QACTIVE |                         1 |       Device -> Controller |
|    7385 ns |     QREQn |                         0 |       Controller -> Device |
|    7385 ns |     STATE |        Q_RUN -> Q_REQUEST |                         OK |
|    7425 ns |  QACCEPTn |                         0 |       Device -> Controller |
|    7425 ns |     STATE |    Q_REQUEST -> Q_STOPPED |                         OK |
|    7435 ns |   QACTIVE |                         0 |       Device -> Controller |
|    7445 ns |   QACTIVE |                         1 |       Device -> Controller |
|    7465 ns |     QREQn |                         1 |       Controller -> Device |
|    7465 ns |     STATE |       Q_STOPPED -> Q_EXIT |                         OK |
|    7475 ns |  QACCEPTn |                         1 |       Device -> Controller |
|    7475 ns |     STATE |           Q_EXIT -> Q_RUN |                         OK |
|    7535 ns |   QACTIVE |                         0 |       Device -> Controller |
|    7545 ns |     QREQn |                         0 |       Controller -> Device |
|    7545 ns |     STATE |        Q_RUN -> Q_REQUEST |                         OK |
|    7575 ns |  QACCEPTn |                         0 |       Device -> Controller |
|    7575 ns |   QACTIVE |                         1 |       Device -> Controller |
|    7575 ns |     STATE |    Q_REQUEST -> Q_STOPPED |                         OK |
|    7585 ns |   QACTIVE |                         0 |       Device -> Controller |
|    7625 ns |     QREQn |                         1 |       Controller -> Device |
|    7625 ns |     STATE |       Q_STOPPED -> Q_EXIT |                         OK |
|    7635 ns |  QACCEPTn |                         1 |       Device -> Controller |
|    7635 ns |     STATE |           Q_EXIT -> Q_RUN |                         OK |
|    7655 ns |   QACTIVE |                         1 |       Device -> Controller |
|    7705 ns |     QREQn |                         0 |       Controller -> Device |
|    7705 ns |     STATE |        Q_RUN -> Q_REQUEST |                         OK |
|    7725 ns |  QACCEPTn |                         0 |       Device -> Controller |
|    7725 ns |     STATE |    Q_REQUEST -> Q_STOPPED |                         OK |
|    7785 ns |     QREQn |                         1 |       Controller -> Device |
|    7785 ns |     STATE |       Q_STOPPED -> Q_EXIT |                         OK |
|    7795 ns |  QACCEPTn |                         1 |       Device -> Controller |
|    7795 ns |     STATE |           Q_EXIT -> Q_RUN |                         OK |
|    7855 ns |   QACTIVE |                         0 |       Device -> Controller |
|    7875 ns |     QREQn |                         0 |       Controller -> Device |
|    7875 ns |     STATE |        Q_RUN -> Q_REQUEST |                         OK |
|    7885 ns |   QACTIVE |                         1 |       Device -> Controller |
|    7905 ns |   QACTIVE |                         0 |       Device -> Controller |
|    7925 ns |  QACCEPTn |                         0 |       Device -> Controller |
|    7925 ns |     STATE |    Q_REQUEST -> Q_STOPPED |                         OK |
|    7965 ns |     QREQn |                         1 |       Controller -> Device |
|    7965 ns |     STATE |       Q_STOPPED -> Q_EXIT |                         OK |
|    7975 ns |  QACCEPTn |                         1 |       Device -> Controller |
|    7975 ns |   QACTIVE |                         1 |       Device -> Controller |
|    7975 ns |     STATE |           Q_EXIT -> Q_RUN |                         OK |
|    8025 ns |     QREQn |                         0 |       Controller -> Device |
|    8025 ns |     STATE |        Q_RUN -> Q_REQUEST |                         OK |
|    8065 ns |     QDENY |                         1 |       Device -> Controller |
|    8065 ns |     STATE |     Q_REQUEST -> Q_DENIED |                         OK |
|    8095 ns |   QACTIVE |                         0 |       Device -> Controller |
|    8115 ns |     QREQn |                         1 |       Controller -> Device |
|    8115 ns |   QACTIVE |                         1 |       Device -> Controller |
|    8115 ns |     STATE |    Q_DENIED -> Q_CONTINUE |                         OK |
|    8125 ns |     QDENY |                         0 |       Device -> Controller |
|    8125 ns |     STATE |       Q_CONTINUE -> Q_RUN |                         OK |
|    8165 ns |   QACTIVE |                         0 |       Device -> Controller |
|    8225 ns |     QREQn |                         0 |       Controller -> Device |
|    8225 ns |   QACTIVE |                         1 |       Device -> Controller |
|    8225 ns |     STATE |        Q_RUN -> Q_REQUEST |                         OK |
|    8245 ns |  QACCEPTn |                         0 |       Device -> Controller |
|    8245 ns |   QACTIVE |                         0 |       Device -> Controller |
|    8245 ns |     STATE |    Q_REQUEST -> Q_STOPPED |                         OK |
|    8285 ns |     QREQn |                         1 |       Controller -> Device |
|    8285 ns |     STATE |       Q_STOPPED -> Q_EXIT |                         OK |
|    8295 ns |  QACCEPTn |                         1 |       Device -> Controller |
|    8295 ns |     STATE |           Q_EXIT -> Q_RUN |                         OK |
|    8345 ns |   QACTIVE |                         1 |       Device -> Controller |
|    8375 ns |     QREQn |                         0 |       Controller -> Device |
|    8375 ns |     STATE |        Q_RUN -> Q_REQUEST |                         OK |
|    8385 ns |   QACTIVE |                         0 |       Device -> Controller |
|    8395 ns |  QACCEPTn |                         0 |       Device -> Controller |
|    8395 ns |     STATE |    Q_REQUEST -> Q_STOPPED |                         OK |
|    8445 ns |   QACTIVE |                         1 |       Device -> Controller |
|    8455 ns |     QREQn |                         1 |       Controller -> Device |
|    8455 ns |     STATE |       Q_STOPPED -> Q_EXIT |                         OK |
|    8465 ns |  QACCEPTn |                         1 |       Device -> Controller |
|    8465 ns |     STATE |           Q_EXIT -> Q_RUN |                         OK |
|    8475 ns |   QACTIVE |                         0 |       Device -> Controller |
|    8485 ns |   QACTIVE |                         1 |       Device -> Controller |
|    8495 ns |   QACTIVE |                         0 |       Device -> Controller |
|    8515 ns |     QREQn |                         0 |       Controller -> Device |
|    8515 ns |     STATE |        Q_RUN -> Q_REQUEST |                         OK |
|    8545 ns |  QACCEPTn |                         0 |       Device -> Controller |
|    8545 ns |   QACTIVE |                         1 |       Device -> Controller |
|    8545 ns |     STATE |    Q_REQUEST -> Q_STOPPED |                         OK |
|    8555 ns |   QACTIVE |                         0 |       Device -> Controller |
|    8595 ns |     QREQn |                         1 |       Controller -> Device |
|    8595 ns |     STATE |       Q_STOPPED -> Q_EXIT |                         OK |
|    8605 ns |  QACCEPTn |                         1 |       Device -> Controller |
|    8605 ns |     STATE |           Q_EXIT -> Q_RUN |                         OK |
|    8655 ns |   QACTIVE |                         1 |       Device -> Controller |
|    8695 ns |     QREQn |                         0 |       Controller -> Device |
|    8695 ns |     STATE |        Q_RUN -> Q_REQUEST |                         OK |
|    8725 ns |   QACTIVE |                         0 |       Device -> Controller |
|    8735 ns |     QDENY |                         1 |       Device -> Controller |
|    8735 ns |     STATE |     Q_REQUEST -> Q_DENIED |                         OK |
|    8785 ns |     QREQn |                         1 |       Controller -> Device |
|    8785 ns |   QACTIVE |                         1 |       Device -> Controller |
|    8785 ns |     STATE |    Q_DENIED -> Q_CONTINUE |                         OK |
|    8795 ns |     QDENY |                         0 |       Device -> Controller |
|    8795 ns |     STATE |       Q_CONTINUE -> Q_RUN |                         OK |
|    8865 ns |     QREQn |                         0 |       Controller -> Device |
|    8865 ns |     STATE |        Q_RUN -> Q_REQUEST |                         OK |
|    8895 ns |  QACCEPTn |                         0 |       Device -> Controller |
|    8895 ns |     STATE |    Q_REQUEST -> Q_STOPPED |                         OK |
|    8915 ns |     QREQn |                         1 |       Controller -> Device |
|    8915 ns |     STATE |       Q_STOPPED -> Q_EXIT |                         OK |
|    8925 ns |  QACCEPTn |                         1 |       Device -> Controller |
|    8925 ns |     STATE |           Q_EXIT -> Q_RUN |                         OK |
|    8965 ns |   QACTIVE |                         0 |       Device -> Controller |
|    8985 ns |   QACTIVE |                         1 |       Device -> Controller |
|    8995 ns |   QACTIVE |                         0 |       Device -> Controller |
|    9025 ns |     QREQn |                         0 |       Controller -> Device |
|    9025 ns |     STATE |        Q_RUN -> Q_REQUEST |                         OK |
|    9055 ns |   QACTIVE |                         1 |       Device -> Controller |
|    9065 ns |  QACCEPTn |                         0 |       Device -> Controller |
|    9065 ns |     STATE |    Q_REQUEST -> Q_STOPPED |                         OK |
|    9105 ns |   QACTIVE |                         0 |       Device -> Controller |
|    9115 ns |     QREQn |                         1 |       Controller -> Device |
|    9115 ns |   QACTIVE |                         1 |       Device -> Controller |
|    9115 ns |     STATE |       Q_STOPPED -> Q_EXIT |                         OK |
|    9125 ns |  QACCEPTn |                         1 |       Device -> Controller |
|    9125 ns |     STATE |           Q_EXIT -> Q_RUN |                         OK |
|    9175 ns |     QREQn |                         0 |       Controller -> Device |
|    9175 ns |     STATE |        Q_RUN -> Q_REQUEST |                         OK |
|    9215 ns |   QACTIVE |                         0 |       Device -> Controller |
|    9225 ns |  QACCEPTn |                         0 |       Device -> Controller |
|    9225 ns |     STATE |    Q_REQUEST -> Q_STOPPED |                         OK |
|    9245 ns |     QREQn |                         1 |       Controller -> Device |
|    9245 ns |     STATE |       Q_STOPPED -> Q_EXIT |                         OK |
|    9255 ns |  QACCEPTn |                         1 |       Device -> Controller |
|    9255 ns |     STATE |           Q_EXIT -> Q_RUN |                         OK |
|    9335 ns |   QACTIVE |                         1 |       Device -> Controller |
|    9355 ns |     QREQn |                         0 |       Controller -> Device |
|    9355 ns |   QACTIVE |                         0 |       Device -> Controller |
|    9355 ns |     STATE |        Q_RUN -> Q_REQUEST |                         OK |
|    9365 ns |   QACTIVE |                         1 |       Device -> Controller |
|    9385 ns |  QACCEPTn |                         0 |       Device -> Controller |
|    9385 ns |     STATE |    Q_REQUEST -> Q_STOPPED |                         OK |
|    9425 ns |     QREQn |                         1 |       Controller -> Device |
|    9425 ns |     STATE |       Q_STOPPED -> Q_EXIT |                         OK |
|    9435 ns |  QACCEPTn |                         1 |       Device -> Controller |
|    9435 ns |   QACTIVE |                         0 |       Device -> Controller |
|    9435 ns |     STATE |           Q_EXIT -> Q_RUN |                         OK |
|    9475 ns |     QREQn |                         0 |       Controller -> Device |
|    9475 ns |     STATE |        Q_RUN -> Q_REQUEST |                         OK |
|    9495 ns |   QACTIVE |                         1 |       Device -> Controller |
|    9515 ns |  QACCEPTn |                         0 |       Device -> Controller |
|    9515 ns |     STATE |    Q_REQUEST -> Q_STOPPED |                         OK |
|    9555 ns |     QREQn |                         1 |       Controller -> Device |
|    9555 ns |     STATE |       Q_STOPPED -> Q_EXIT |                         OK |
|    9565 ns |  QACCEPTn |                         1 |       Device -> Controller |
|    9565 ns |     STATE |           Q_EXIT -> Q_RUN |                         OK |
|    9595 ns |   QACTIVE |                         0 |       Device -> Controller |
|    9615 ns |     QREQn |                         0 |       Controller -> Device |
|    9615 ns |     STATE |        Q_RUN -> Q_REQUEST |                         OK |
|    9635 ns |   QACTIVE |                         1 |       Device -> Controller |
|    9655 ns |     QDENY |                         1 |       Device -> Controller |
|    9655 ns |     STATE |     Q_REQUEST -> Q_DENIED |                         OK |
|    9695 ns |     QREQn |                         1 |       Controller -> Device |
|    9695 ns |     STATE |    Q_DENIED -> Q_CONTINUE |                         OK |
|    9705 ns |     QDENY |                         0 |       Device -> Controller |
|    9705 ns |     STATE |       Q_CONTINUE -> Q_RUN |                         OK |
|    9765 ns |     QREQn |                         0 |       Controller -> Device |
|    9765 ns |     STATE |        Q_RUN -> Q_REQUEST |                         OK |
|    9785 ns |   QACTIVE |                         0 |       Device -> Controller |
|    9805 ns |   QACTIVE |                         1 |       Device -> Controller |
|    9815 ns |  QACCEPTn |                         0 |       Device -> Controller |
|    9815 ns |   QACTIVE |                         0 |       Device -> Controller |
|    9815 ns |     STATE |    Q_REQUEST -> Q_STOPPED |                         OK |
|    9845 ns |     QREQn |                         1 |       Controller -> Device |
|    9845 ns |     STATE |       Q_STOPPED -> Q_EXIT |                         OK |
|    9855 ns |  QACCEPTn |                         1 |       Device -> Controller |
|    9855 ns |     STATE |           Q_EXIT -> Q_RUN |                         OK |
|    9895 ns |     QREQn |                         0 |       Controller -> Device |
|    9895 ns |   QACTIVE |                         1 |       Device -> Controller |
|    9895 ns |     STATE |        Q_RUN -> Q_REQUEST |                         OK |
|    9905 ns |   QACTIVE |                         0 |       Device -> Controller |
|    9915 ns |  QACCEPTn |                         0 |       Device -> Controller |
|    9915 ns |     STATE |    Q_REQUEST -> Q_STOPPED |                         OK |
|    9925 ns |   QACTIVE |                         1 |       Device -> Controller |
|    9945 ns |   QACTIVE |                         0 |       Device -> Controller |
|    9965 ns |     QREQn |                         1 |       Controller -> Device |
|    9965 ns |     STATE |       Q_STOPPED -> Q_EXIT |                         OK |
|    9975 ns |  QACCEPTn |                         1 |       Device -> Controller |
|    9975 ns |     STATE |           Q_EXIT -> Q_RUN |                         OK |
|   10045 ns |     QREQn |                         0 |       Controller -> Device |
|   10045 ns |   QACTIVE |                         1 |       Device -> Controller |
|   10045 ns |     STATE |        Q_RUN -> Q_REQUEST |                         OK |
|   10085 ns |     QDENY |                         1 |       Device -> Controller |
|   10085 ns |     STATE |     Q_REQUEST -> Q_DENIED |                         OK |
|   10135 ns |   QACTIVE |                         0 |       Device -> Controller |
|   10145 ns |     QREQn |                         1 |       Controller -> Device |
|   10145 ns |     STATE |    Q_DENIED -> Q_CONTINUE |                         OK |
|   10155 ns |     QDENY |                         0 |       Device -> Controller |
|   10155 ns |     STATE |       Q_CONTINUE -> Q_RUN |                         OK |
|   10165 ns |   QACTIVE |                         1 |       Device -> Controller |
|   10185 ns |   QACTIVE |                         0 |       Device -> Controller |
|   10195 ns |     QREQn |                         0 |       Controller -> Device |
|   10195 ns |     STATE |        Q_RUN -> Q_REQUEST |                         OK |
|   10225 ns |  QACCEPTn |                         0 |       Device -> Controller |
|   10225 ns |     STATE |    Q_REQUEST -> Q_STOPPED |                         OK |
|   10275 ns |   QACTIVE |                         1 |       Device -> Controller |
|   10285 ns |     QREQn |                         1 |       Controller -> Device |
|   10285 ns |     STATE |       Q_STOPPED -> Q_EXIT |                         OK |
|   10295 ns |  QACCEPTn |                         1 |       Device -> Controller |
|   10295 ns |     STATE |           Q_EXIT -> Q_RUN |                         OK |
|   10315 ns |   QACTIVE |                         0 |       Device -> Controller |
|   10345 ns |   QACTIVE |                         1 |       Device -> Controller |
|   10375 ns |     QREQn |                         0 |       Controller -> Device |
|   10375 ns |   QACTIVE |                         0 |       Device -> Controller |
|   10375 ns |     STATE |        Q_RUN -> Q_REQUEST |                         OK |
|   10395 ns |     QDENY |                         1 |       Device -> Controller |
|   10395 ns |     STATE |     Q_REQUEST -> Q_DENIED |                         OK |
|   10455 ns |     QREQn |                         1 |       Controller -> Device |
|   10455 ns |     STATE |    Q_DENIED -> Q_CONTINUE |                         OK |
|   10465 ns |     QDENY |                         0 |       Device -> Controller |
|   10465 ns |     STATE |       Q_CONTINUE -> Q_RUN |                         OK |
|   10505 ns |     QREQn |                         0 |       Controller -> Device |
|   10505 ns |     STATE |        Q_RUN -> Q_REQUEST |                         OK |
|   10515 ns |   QACTIVE |                         1 |       Device -> Controller |
|   10535 ns |   QACTIVE |                         0 |       Device -> Controller |
|   10545 ns |     QDENY |                         1 |       Device -> Controller |
|   10545 ns |     STATE |     Q_REQUEST -> Q_DENIED |                         OK |
|   10565 ns |   QACTIVE |                         1 |       Device -> Controller |
|   10595 ns |   QACTIVE |                         0 |       Device -> Controller |
|   10605 ns |     QREQn |                         1 |       Controller -> Device |
|   10605 ns |     STATE |    Q_DENIED -> Q_CONTINUE |                         OK |
|   10615 ns |     QDENY |                         0 |       Device -> Controller |
|   10615 ns |     STATE |       Q_CONTINUE -> Q_RUN |                         OK |
|   10645 ns |   QACTIVE |                         1 |       Device -> Controller |
|   10655 ns |     QREQn |                         0 |       Controller -> Device |
|   10655 ns |     STATE |        Q_RUN -> Q_REQUEST |                         OK |
|   10685 ns |     QDENY |                         1 |       Device -> Controller |
|   10685 ns |     STATE |     Q_REQUEST -> Q_DENIED |                         OK |
|   10715 ns |     QREQn |                         1 |       Controller -> Device |
|   10715 ns |   QACTIVE |                         0 |       Device -> Controller |
|   10715 ns |     STATE |    Q_DENIED -> Q_CONTINUE |                         OK |
|   10725 ns |     QDENY |                         0 |       Device -> Controller |
|   10725 ns |   QACTIVE |                         1 |       Device -> Controller |
|   10725 ns |     STATE |       Q_CONTINUE -> Q_RUN |                         OK |
|   10745 ns |   QACTIVE |                         0 |       Device -> Controller |
|   10765 ns |     QREQn |                         0 |       Controller -> Device |
|   10765 ns |     STATE |        Q_RUN -> Q_REQUEST |                         OK |
|   10815 ns |  QACCEPTn |                         0 |       Device -> Controller |
|   10815 ns |     STATE |    Q_REQUEST -> Q_STOPPED |                         OK |
|   10845 ns |     QREQn |                         1 |       Controller -> Device |
|   10845 ns |     STATE |       Q_STOPPED -> Q_EXIT |                         OK |
|   10855 ns |  QACCEPTn |                         1 |       Device -> Controller |
|   10855 ns |     STATE |           Q_EXIT -> Q_RUN |                         OK |
|   10905 ns |   QACTIVE |                         1 |       Device -> Controller |
|   10945 ns |     QREQn |                         0 |       Controller -> Device |
|   10945 ns |     STATE |        Q_RUN -> Q_REQUEST |                         OK |
|   10995 ns |  QACCEPTn |                         0 |       Device -> Controller |
|   10995 ns |     STATE |    Q_REQUEST -> Q_STOPPED |                         OK |
|   11015 ns |     QREQn |                         1 |       Controller -> Device |
|   11015 ns |     STATE |       Q_STOPPED -> Q_EXIT |                         OK |
|   11025 ns |  QACCEPTn |                         1 |       Device -> Controller |
|   11025 ns |     STATE |           Q_EXIT -> Q_RUN |                         OK |
|   11085 ns |   QACTIVE |                         0 |       Device -> Controller |
|   11115 ns |   QACTIVE |                         1 |       Device -> Controller |
|   11125 ns |     QREQn |                         0 |       Controller -> Device |
|   11125 ns |     STATE |        Q_RUN -> Q_REQUEST |                         OK |
|   11145 ns |  QACCEPTn |                         0 |       Device -> Controller |
|   11145 ns |     STATE |    Q_REQUEST -> Q_STOPPED |                         OK |
|   11155 ns |   QACTIVE |                         0 |       Device -> Controller |
|   11165 ns |     QREQn |                         1 |       Controller -> Device |
|   11165 ns |     STATE |       Q_STOPPED -> Q_EXIT |                         OK |
|   11175 ns |  QACCEPTn |                         1 |       Device -> Controller |
|   11175 ns |     STATE |           Q_EXIT -> Q_RUN |                         OK |
|   11195 ns |   QACTIVE |                         1 |       Device -> Controller |
|   11205 ns |   QACTIVE |                         0 |       Device -> Controller |
|   11255 ns |     QREQn |                         0 |       Controller -> Device |
|   11255 ns |   QACTIVE |                         1 |       Device -> Controller |
|   11255 ns |     STATE |        Q_RUN -> Q_REQUEST |                         OK |
|   11295 ns |  QACCEPTn |                         0 |       Device -> Controller |
|   11295 ns |     STATE |    Q_REQUEST -> Q_STOPPED |                         OK |
|   11305 ns |   QACTIVE |                         0 |       Device -> Controller |
|   11335 ns |     QREQn |                         1 |       Controller -> Device |
|   11335 ns |   QACTIVE |                         1 |       Device -> Controller |
|   11335 ns |     STATE |       Q_STOPPED -> Q_EXIT |                         OK |
|   11345 ns |  QACCEPTn |                         1 |       Device -> Controller |
|   11345 ns |     STATE |           Q_EXIT -> Q_RUN |                         OK |
|   11415 ns |   QACTIVE |                         0 |       Device -> Controller |
|   11425 ns |     QREQn |                         0 |       Controller -> Device |
|   11425 ns |     STATE |        Q_RUN -> Q_REQUEST |                         OK |
|   11435 ns |   QACTIVE |                         1 |       Device -> Controller |
|   11455 ns |  QACCEPTn |                         0 |       Device -> Controller |
|   11455 ns |     STATE |    Q_REQUEST -> Q_STOPPED |                         OK |
|   11475 ns |     QREQn |                         1 |       Controller -> Device |
|   11475 ns |     STATE |       Q_STOPPED -> Q_EXIT |                         OK |
|   11485 ns |  QACCEPTn |                         1 |       Device -> Controller |
|   11485 ns |     STATE |           Q_EXIT -> Q_RUN |                         OK |
|   11505 ns |   QACTIVE |                         0 |       Device -> Controller |
|   11535 ns |     QREQn |                         0 |       Controller -> Device |
|   11535 ns |     STATE |        Q_RUN -> Q_REQUEST |                         OK |
|   11545 ns |   QACTIVE |                         1 |       Device -> Controller |
|   11575 ns |  QACCEPTn |                         0 |       Device -> Controller |
|   11575 ns |     STATE |    Q_REQUEST -> Q_STOPPED |                         OK |
|   11635 ns |     QREQn |                         1 |       Controller -> Device |
|   11635 ns |     STATE |       Q_STOPPED -> Q_EXIT |                         OK |
|   11645 ns |  QACCEPTn |                         1 |       Device -> Controller |
|   11645 ns |     STATE |           Q_EXIT -> Q_RUN |                         OK |
|   11705 ns |     QREQn |                         0 |       Controller -> Device |
|   11705 ns |   QACTIVE |                         0 |       Device -> Controller |
|   11705 ns |     STATE |        Q_RUN -> Q_REQUEST |                         OK |
|   11735 ns |     QDENY |                         1 |       Device -> Controller |
|   11735 ns |     STATE |     Q_REQUEST -> Q_DENIED |                         OK |
|   11745 ns |   QACTIVE |                         1 |       Device -> Controller |
|   11765 ns |     QREQn |                         1 |       Controller -> Device |
|   11765 ns |     STATE |    Q_DENIED -> Q_CONTINUE |                         OK |
|   11775 ns |     QDENY |                         0 |       Device -> Controller |
|   11775 ns |     STATE |       Q_CONTINUE -> Q_RUN |                         OK |
|   11815 ns |   QACTIVE |                         0 |       Device -> Controller |
|   11865 ns |   QACTIVE |                         1 |       Device -> Controller |
|   11875 ns |     QREQn |                         0 |       Controller -> Device |
|   11875 ns |     STATE |        Q_RUN -> Q_REQUEST |                         OK |
|   11885 ns |   QACTIVE |                         0 |       Device -> Controller |
|   11915 ns |     QDENY |                         1 |       Device -> Controller |
|   11915 ns |     STATE |     Q_REQUEST -> Q_DENIED |                         OK |
|   11935 ns |   QACTIVE |                         1 |       Device -> Controller |
|   11945 ns |     QREQn |                         1 |       Controller -> Device |
|   11945 ns |     STATE |    Q_DENIED -> Q_CONTINUE |                         OK |
|   11955 ns |     QDENY |                         0 |       Device -> Controller |
|   11955 ns |     STATE |       Q_CONTINUE -> Q_RUN |                         OK |
|   11965 ns |   QACTIVE |                         0 |       Device -> Controller |
|   11975 ns |   QACTIVE |                         1 |       Device -> Controller |
|   11985 ns |   QACTIVE |                         0 |       Device -> Controller |
|   11995 ns |   QACTIVE |                         1 |       Device -> Controller |
|   12005 ns |   QACTIVE |                         0 |       Device -> Controller |
|   12015 ns |     QREQn |                         0 |       Controller -> Device |
|   12015 ns |     STATE |        Q_RUN -> Q_REQUEST |                         OK |
|   12055 ns |  QACCEPTn |                         0 |       Device -> Controller |
|   12055 ns |     STATE |    Q_REQUEST -> Q_STOPPED |                         OK |
|   12085 ns |   QACTIVE |                         1 |       Device -> Controller |
|   12095 ns |   QACTIVE |                         0 |       Device -> Controller |
|   12115 ns |     QREQn |                         1 |       Controller -> Device |
|   12115 ns |     STATE |       Q_STOPPED -> Q_EXIT |                         OK |
|   12125 ns |  QACCEPTn |                         1 |       Device -> Controller |
|   12125 ns |     STATE |           Q_EXIT -> Q_RUN |                         OK |
|   12185 ns |     QREQn |                         0 |       Controller -> Device |
|   12185 ns |     STATE |        Q_RUN -> Q_REQUEST |                         OK |
|   12195 ns |   QACTIVE |                         1 |       Device -> Controller |
|   12235 ns |  QACCEPTn |                         0 |       Device -> Controller |
|   12235 ns |     STATE |    Q_REQUEST -> Q_STOPPED |                         OK |
|   12275 ns |     QREQn |                         1 |       Controller -> Device |
|   12275 ns |     STATE |       Q_STOPPED -> Q_EXIT |                         OK |
|   12285 ns |  QACCEPTn |                         1 |       Device -> Controller |
|   12285 ns |     STATE |           Q_EXIT -> Q_RUN |                         OK |
|   12295 ns |   QACTIVE |                         0 |       Device -> Controller |
|   12305 ns |   QACTIVE |                         1 |       Device -> Controller |
|   12315 ns |   QACTIVE |                         0 |       Device -> Controller |
|   12325 ns |     QREQn |                         0 |       Controller -> Device |
|   12325 ns |     STATE |        Q_RUN -> Q_REQUEST |                         OK |
|   12365 ns |  QACCEPTn |                         0 |       Device -> Controller |
|   12365 ns |   QACTIVE |                         1 |       Device -> Controller |
|   12365 ns |     STATE |    Q_REQUEST -> Q_STOPPED |                         OK |
|   12415 ns |     QREQn |                         1 |       Controller -> Device |
|   12415 ns |   QACTIVE |                         0 |       Device -> Controller |
|   12415 ns |     STATE |       Q_STOPPED -> Q_EXIT |                         OK |
|   12425 ns |  QACCEPTn |                         1 |       Device -> Controller |
|   12425 ns |     STATE |           Q_EXIT -> Q_RUN |                         OK |
|   12435 ns |   QACTIVE |                         1 |       Device -> Controller |
|   12445 ns |   QACTIVE |                         0 |       Device -> Controller |
|   12455 ns |   QACTIVE |                         1 |       Device -> Controller |
|   12475 ns |   QACTIVE |                         0 |       Device -> Controller |
|   12495 ns |     QREQn |                         0 |       Controller -> Device |
|   12495 ns |     STATE |        Q_RUN -> Q_REQUEST |                         OK |
|   12505 ns |   QACTIVE |                         1 |       Device -> Controller |
|   12545 ns |  QACCEPTn |                         0 |       Device -> Controller |
|   12545 ns |     STATE |    Q_REQUEST -> Q_STOPPED |                         OK |
|   12575 ns |     QREQn |                         1 |       Controller -> Device |
|   12575 ns |     STATE |       Q_STOPPED -> Q_EXIT |                         OK |
|   12585 ns |  QACCEPTn |                         1 |       Device -> Controller |
|   12585 ns |   QACTIVE |                         0 |       Device -> Controller |
|   12585 ns |     STATE |           Q_EXIT -> Q_RUN |                         OK |
|   12625 ns |   QACTIVE |                         1 |       Device -> Controller |
|   12635 ns |   QACTIVE |                         0 |       Device -> Controller |
|   12645 ns |   QACTIVE |                         1 |       Device -> Controller |
|   12655 ns |   QACTIVE |                         0 |       Device -> Controller |
|   12685 ns |     QREQn |                         0 |       Controller -> Device |
|   12685 ns |   QACTIVE |                         1 |       Device -> Controller |
|   12685 ns |     STATE |        Q_RUN -> Q_REQUEST |                         OK |
|   12735 ns |  QACCEPTn |                         0 |       Device -> Controller |
|   12735 ns |     STATE |    Q_REQUEST -> Q_STOPPED |                         OK |
|   12785 ns |     QREQn |                         1 |       Controller -> Device |
|   12785 ns |   QACTIVE |                         0 |       Device -> Controller |
|   12785 ns |     STATE |       Q_STOPPED -> Q_EXIT |                         OK |
|   12795 ns |  QACCEPTn |                         1 |       Device -> Controller |
|   12795 ns |     STATE |           Q_EXIT -> Q_RUN |                         OK |
|   12855 ns |     QREQn |                         0 |       Controller -> Device |
|   12855 ns |   QACTIVE |                         1 |       Device -> Controller |
|   12855 ns |     STATE |        Q_RUN -> Q_REQUEST |                         OK |
|   12895 ns |  QACCEPTn |                         0 |       Device -> Controller |
|   12895 ns |   QACTIVE |                         0 |       Device -> Controller |
|   12895 ns |     STATE |    Q_REQUEST -> Q_STOPPED |                         OK |
|   12905 ns |   QACTIVE |                         1 |       Device -> Controller |
|   12925 ns |   QACTIVE |                         0 |       Device -> Controller |
|   12935 ns |   QACTIVE |                         1 |       Device -> Controller |
|   12955 ns |     QREQn |                         1 |       Controller -> Device |
|   12955 ns |   QACTIVE |                         0 |       Device -> Controller |
|   12955 ns |     STATE |       Q_STOPPED -> Q_EXIT |                         OK |
|   12965 ns |  QACCEPTn |                         1 |       Device -> Controller |
|   12965 ns |     STATE |           Q_EXIT -> Q_RUN |                         OK |
|   12995 ns |   QACTIVE |                         1 |       Device -> Controller |
|   13015 ns |   QACTIVE |                         0 |       Device -> Controller |
|   13045 ns |     QREQn |                         0 |       Controller -> Device |
|   13045 ns |     STATE |        Q_RUN -> Q_REQUEST |                         OK |
|   13055 ns |   QACTIVE |                         1 |       Device -> Controller |
|   13075 ns |  QACCEPTn |                         0 |       Device -> Controller |
|   13075 ns |     STATE |    Q_REQUEST -> Q_STOPPED |                         OK |
|   13095 ns |     QREQn |                         1 |       Controller -> Device |
|   13095 ns |     STATE |       Q_STOPPED -> Q_EXIT |                         OK |
|   13105 ns |  QACCEPTn |                         1 |       Device -> Controller |
|   13105 ns |     STATE |           Q_EXIT -> Q_RUN |                         OK |
|   13125 ns |   QACTIVE |                         0 |       Device -> Controller |
|   13195 ns |     QREQn |                         0 |       Controller -> Device |
|   13195 ns |     STATE |        Q_RUN -> Q_REQUEST |                         OK |
|   13215 ns |   QACTIVE |                         1 |       Device -> Controller |
|   13235 ns |  QACCEPTn |                         0 |       Device -> Controller |
|   13235 ns |     STATE |    Q_REQUEST -> Q_STOPPED |                         OK |
|   13275 ns |     QREQn |                         1 |       Controller -> Device |
|   13275 ns |     STATE |       Q_STOPPED -> Q_EXIT |                         OK |
|   13285 ns |  QACCEPTn |                         1 |       Device -> Controller |
|   13285 ns |   QACTIVE |                         0 |       Device -> Controller |
|   13285 ns |     STATE |           Q_EXIT -> Q_RUN |                         OK |
|   13365 ns |     QREQn |                         0 |       Controller -> Device |
|   13365 ns |     STATE |        Q_RUN -> Q_REQUEST |                         OK |
|   13395 ns |  QACCEPTn |                         0 |       Device -> Controller |
|   13395 ns |     STATE |    Q_REQUEST -> Q_STOPPED |                         OK |
|   13425 ns |     QREQn |                         1 |       Controller -> Device |
|   13425 ns |   QACTIVE |                         1 |       Device -> Controller |
|   13425 ns |     STATE |       Q_STOPPED -> Q_EXIT |                         OK |
|   13435 ns |  QACCEPTn |                         1 |       Device -> Controller |
|   13435 ns |     STATE |           Q_EXIT -> Q_RUN |                         OK |
|   13475 ns |   QACTIVE |                         0 |       Device -> Controller |
|   13525 ns |   QACTIVE |                         1 |       Device -> Controller |
|   13535 ns |     QREQn |                         0 |       Controller -> Device |
|   13535 ns |   QACTIVE |                         0 |       Device -> Controller |
|   13535 ns |     STATE |        Q_RUN -> Q_REQUEST |                         OK |
|   13555 ns |  QACCEPTn |                         0 |       Device -> Controller |
|   13555 ns |     STATE |    Q_REQUEST -> Q_STOPPED |                         OK |
|   13605 ns |   QACTIVE |                         1 |       Device -> Controller |
|   13615 ns |     QREQn |                         1 |       Controller -> Device |
|   13615 ns |   QACTIVE |                         0 |       Device -> Controller |
|   13615 ns |     STATE |       Q_STOPPED -> Q_EXIT |                         OK |
|   13625 ns |  QACCEPTn |                         1 |       Device -> Controller |
|   13625 ns |     STATE |           Q_EXIT -> Q_RUN |                         OK |
|   13645 ns |   QACTIVE |                         1 |       Device -> Controller |
|   13655 ns |   QACTIVE |                         0 |       Device -> Controller |
|   13665 ns |     QREQn |                         0 |       Controller -> Device |
|   13665 ns |     STATE |        Q_RUN -> Q_REQUEST |                         OK |
|   13695 ns |   QACTIVE |                         1 |       Device -> Controller |
|   13705 ns |     QDENY |                         1 |       Device -> Controller |
|   13705 ns |     STATE |     Q_REQUEST -> Q_DENIED |                         OK |
|   13725 ns |   QACTIVE |                         0 |       Device -> Controller |
|   13745 ns |     QREQn |                         1 |       Controller -> Device |
|   13745 ns |     STATE |    Q_DENIED -> Q_CONTINUE |                         OK |
|   13755 ns |     QDENY |                         0 |       Device -> Controller |
|   13755 ns |   QACTIVE |                         1 |       Device -> Controller |
|   13755 ns |     STATE |       Q_CONTINUE -> Q_RUN |                         OK |
|   13805 ns |   QACTIVE |                         0 |       Device -> Controller |
|   13835 ns |     QREQn |                         0 |       Controller -> Device |
|   13835 ns |     STATE |        Q_RUN -> Q_REQUEST |                         OK |
|   13885 ns |  QACCEPTn |                         0 |       Device -> Controller |
|   13885 ns |     STATE |    Q_REQUEST -> Q_STOPPED |                         OK |
|   13915 ns |     QREQn |                         1 |       Controller -> Device |
|   13915 ns |   QACTIVE |                         1 |       Device -> Controller |
|   13915 ns |     STATE |       Q_STOPPED -> Q_EXIT |                         OK |
|   13925 ns |  QACCEPTn |                         1 |       Device -> Controller |
|   13925 ns |     STATE |           Q_EXIT -> Q_RUN |                         OK |
|   13935 ns |   QACTIVE |                         0 |       Device -> Controller |
|   13955 ns |   QACTIVE |                         1 |       Device -> Controller |
|   13975 ns |   QACTIVE |                         0 |       Device -> Controller |
|   13995 ns |     QREQn |                         0 |       Controller -> Device |
|   13995 ns |     STATE |        Q_RUN -> Q_REQUEST |                         OK |
|   14035 ns |  QACCEPTn |                         0 |       Device -> Controller |
|   14035 ns |   QACTIVE |                         1 |       Device -> Controller |
|   14035 ns |     STATE |    Q_REQUEST -> Q_STOPPED |                         OK |
|   14045 ns |   QACTIVE |                         0 |       Device -> Controller |
|   14085 ns |     QREQn |                         1 |       Controller -> Device |
|   14085 ns |   QACTIVE |                         1 |       Device -> Controller |
|   14085 ns |     STATE |       Q_STOPPED -> Q_EXIT |                         OK |
|   14095 ns |  QACCEPTn |                         1 |       Device -> Controller |
|   14095 ns |     STATE |           Q_EXIT -> Q_RUN |                         OK |
|   14105 ns |   QACTIVE |                         0 |       Device -> Controller |
|   14145 ns |     QREQn |                         0 |       Controller -> Device |
|   14145 ns |   QACTIVE |                         1 |       Device -> Controller |
|   14145 ns |     STATE |        Q_RUN -> Q_REQUEST |                         OK |
|   14165 ns |     QDENY |                         1 |       Device -> Controller |
|   14165 ns |     STATE |     Q_REQUEST -> Q_DENIED |                         OK |
|   14185 ns |     QREQn |                         1 |       Controller -> Device |
|   14185 ns |     STATE |    Q_DENIED -> Q_CONTINUE |                         OK |
|   14195 ns |     QDENY |                         0 |       Device -> Controller |
|   14195 ns |     STATE |       Q_CONTINUE -> Q_RUN |                         OK |
|   14235 ns |     QREQn |                         0 |       Controller -> Device |
|   14235 ns |     STATE |        Q_RUN -> Q_REQUEST |                         OK |
|   14265 ns |  QACCEPTn |                         0 |       Device -> Controller |
|   14265 ns |     STATE |    Q_REQUEST -> Q_STOPPED |                         OK |
|   14305 ns |     QREQn |                         1 |       Controller -> Device |
|   14305 ns |     STATE |       Q_STOPPED -> Q_EXIT |                         OK |
|   14315 ns |  QACCEPTn |                         1 |       Device -> Controller |
|   14315 ns |     STATE |           Q_EXIT -> Q_RUN |                         OK |
|   14375 ns |   QACTIVE |                         0 |       Device -> Controller |
|   14405 ns |     QREQn |                         0 |       Controller -> Device |
|   14405 ns |     STATE |        Q_RUN -> Q_REQUEST |                         OK |
|   14415 ns |   QACTIVE |                         1 |       Device -> Controller |
|   14425 ns |   QACTIVE |                         0 |       Device -> Controller |
|   14435 ns |  QACCEPTn |                         0 |       Device -> Controller |
|   14435 ns |     STATE |    Q_REQUEST -> Q_STOPPED |                         OK |
|   14445 ns |   QACTIVE |                         1 |       Device -> Controller |
|   14455 ns |     QREQn |                         1 |       Controller -> Device |
|   14455 ns |   QACTIVE |                         0 |       Device -> Controller |
|   14455 ns |     STATE |       Q_STOPPED -> Q_EXIT |                         OK |
|   14465 ns |  QACCEPTn |                         1 |       Device -> Controller |
|   14465 ns |     STATE |           Q_EXIT -> Q_RUN |                         OK |
|   14495 ns |   QACTIVE |                         1 |       Device -> Controller |
|   14505 ns |     QREQn |                         0 |       Controller -> Device |
|   14505 ns |   QACTIVE |                         0 |       Device -> Controller |
|   14505 ns |     STATE |        Q_RUN -> Q_REQUEST |                         OK |
|   14555 ns |  QACCEPTn |                         0 |       Device -> Controller |
|   14555 ns |   QACTIVE |                         1 |       Device -> Controller |
|   14555 ns |     STATE |    Q_REQUEST -> Q_STOPPED |                         OK |
|   14585 ns |     QREQn |                         1 |       Controller -> Device |
|   14585 ns |     STATE |       Q_STOPPED -> Q_EXIT |                         OK |
|   14595 ns |  QACCEPTn |                         1 |       Device -> Controller |
|   14595 ns |     STATE |           Q_EXIT -> Q_RUN |                         OK |
|   14685 ns |     QREQn |                         0 |       Controller -> Device |
|   14685 ns |     STATE |        Q_RUN -> Q_REQUEST |                         OK |
|   14695 ns |   QACTIVE |                         0 |       Device -> Controller |
|   14715 ns |   QACTIVE |                         1 |       Device -> Controller |
|   14725 ns |   QACTIVE |                         0 |       Device -> Controller |
|   14735 ns |  QACCEPTn |                         0 |       Device -> Controller |
|   14735 ns |     STATE |    Q_REQUEST -> Q_STOPPED |                         OK |
|   14755 ns |     QREQn |                         1 |       Controller -> Device |
|   14755 ns |     STATE |       Q_STOPPED -> Q_EXIT |                         OK |
|   14765 ns |  QACCEPTn |                         1 |       Device -> Controller |
|   14765 ns |     STATE |           Q_EXIT -> Q_RUN |                         OK |
|   14785 ns |   QACTIVE |                         1 |       Device -> Controller |
|   14805 ns |     QREQn |                         0 |       Controller -> Device |
|   14805 ns |     STATE |        Q_RUN -> Q_REQUEST |                         OK |
|   14825 ns |     QDENY |                         1 |       Device -> Controller |
|   14825 ns |     STATE |     Q_REQUEST -> Q_DENIED |                         OK |
|   14845 ns |   QACTIVE |                         0 |       Device -> Controller |
|   14875 ns |     QREQn |                         1 |       Controller -> Device |
|   14875 ns |     STATE |    Q_DENIED -> Q_CONTINUE |                         OK |
|   14885 ns |     QDENY |                         0 |       Device -> Controller |
|   14885 ns |     STATE |       Q_CONTINUE -> Q_RUN |                         OK |
|   14925 ns |   QACTIVE |                         1 |       Device -> Controller |
|   14965 ns |   QACTIVE |                         0 |       Device -> Controller |
|   14985 ns |     QREQn |                         0 |       Controller -> Device |
|   14985 ns |     STATE |        Q_RUN -> Q_REQUEST |                         OK |
|   15015 ns |  QACCEPTn |                         0 |       Device -> Controller |
|   15015 ns |     STATE |    Q_REQUEST -> Q_STOPPED |                         OK |
|   15035 ns |     QREQn |                         1 |       Controller -> Device |
|   15035 ns |     STATE |       Q_STOPPED -> Q_EXIT |                         OK |
|   15045 ns |  QACCEPTn |                         1 |       Device -> Controller |
|   15045 ns |     STATE |           Q_EXIT -> Q_RUN |                         OK |
|   15095 ns |     QREQn |                         0 |       Controller -> Device |
|   15095 ns |     STATE |        Q_RUN -> Q_REQUEST |                         OK |
|   15115 ns |  QACCEPTn |                         0 |       Device -> Controller |
|   15115 ns |     STATE |    Q_REQUEST -> Q_STOPPED |                         OK |
|   15155 ns |     QREQn |                         1 |       Controller -> Device |
|   15155 ns |     STATE |       Q_STOPPED -> Q_EXIT |                         OK |
|   15165 ns |  QACCEPTn |                         1 |       Device -> Controller |
|   15165 ns |     STATE |           Q_EXIT -> Q_RUN |                         OK |
|   15195 ns |   QACTIVE |                         1 |       Device -> Controller |
|   15205 ns |     QREQn |                         0 |       Controller -> Device |
|   15205 ns |     STATE |        Q_RUN -> Q_REQUEST |                         OK |
|   15245 ns |     QDENY |                         1 |       Device -> Controller |
|   15245 ns |     STATE |     Q_REQUEST -> Q_DENIED |                         OK |
|   15275 ns |   QACTIVE |                         0 |       Device -> Controller |
|   15295 ns |     QREQn |                         1 |       Controller -> Device |
|   15295 ns |     STATE |    Q_DENIED -> Q_CONTINUE |                         OK |
|   15305 ns |     QDENY |                         0 |       Device -> Controller |
|   15305 ns |   QACTIVE |                         1 |       Device -> Controller |
|   15305 ns |     STATE |       Q_CONTINUE -> Q_RUN |                         OK |
|   15395 ns |     QREQn |                         0 |       Controller -> Device |
|   15395 ns |     STATE |        Q_RUN -> Q_REQUEST |                         OK |
|   15425 ns |  QACCEPTn |                         0 |       Device -> Controller |
|   15425 ns |     STATE |    Q_REQUEST -> Q_STOPPED |                         OK |
|   15435 ns |   QACTIVE |                         0 |       Device -> Controller |
|   15465 ns |   QACTIVE |                         1 |       Device -> Controller |
|   15485 ns |     QREQn |                         1 |       Controller -> Device |
|   15485 ns |     STATE |       Q_STOPPED -> Q_EXIT |                         OK |
|   15495 ns |  QACCEPTn |                         1 |       Device -> Controller |
|   15495 ns |     STATE |           Q_EXIT -> Q_RUN |                         OK |
|   15525 ns |   QACTIVE |                         0 |       Device -> Controller |
|   15545 ns |     QREQn |                         0 |       Controller -> Device |
|   15545 ns |     STATE |        Q_RUN -> Q_REQUEST |                         OK |
|   15565 ns |  QACCEPTn |                         0 |       Device -> Controller |
|   15565 ns |     STATE |    Q_REQUEST -> Q_STOPPED |                         OK |
|   15595 ns |     QREQn |                         1 |       Controller -> Device |
|   15595 ns |   QACTIVE |                         1 |       Device -> Controller |
|   15595 ns |     STATE |       Q_STOPPED -> Q_EXIT |                         OK |
|   15605 ns |  QACCEPTn |                         1 |       Device -> Controller |
|   15605 ns |     STATE |           Q_EXIT -> Q_RUN |                         OK |
|   15675 ns |     QREQn |                         0 |       Controller -> Device |
|   15675 ns |     STATE |        Q_RUN -> Q_REQUEST |                         OK |
|   15695 ns |  QACCEPTn |                         0 |       Device -> Controller |
|   15695 ns |     STATE |    Q_REQUEST -> Q_STOPPED |                         OK |
|   15705 ns |   QACTIVE |                         0 |       Device -> Controller |
|   15755 ns |     QREQn |                         1 |       Controller -> Device |
|   15755 ns |     STATE |       Q_STOPPED -> Q_EXIT |                         OK |
|   15765 ns |  QACCEPTn |                         1 |       Device -> Controller |
|   15765 ns |     STATE |           Q_EXIT -> Q_RUN |                         OK |
|   15805 ns |     QREQn |                         0 |       Controller -> Device |
|   15805 ns |     STATE |        Q_RUN -> Q_REQUEST |                         OK |
|   15815 ns |   QACTIVE |                         1 |       Device -> Controller |
|   15855 ns |  QACCEPTn |                         0 |       Device -> Controller |
|   15855 ns |     STATE |    Q_REQUEST -> Q_STOPPED |                         OK |
|   15905 ns |     QREQn |                         1 |       Controller -> Device |
|   15905 ns |   QACTIVE |                         0 |       Device -> Controller |
|   15905 ns |     STATE |       Q_STOPPED -> Q_EXIT |                         OK |
|   15915 ns |  QACCEPTn |                         1 |       Device -> Controller |
|   15915 ns |     STATE |           Q_EXIT -> Q_RUN |                         OK |
|   15935 ns |   QACTIVE |                         1 |       Device -> Controller |
|   15965 ns |     QREQn |                         0 |       Controller -> Device |
|   15965 ns |     STATE |        Q_RUN -> Q_REQUEST |                         OK |
|   15985 ns |     QDENY |                         1 |       Device -> Controller |
|   15985 ns |     STATE |     Q_REQUEST -> Q_DENIED |                         OK |
|   15995 ns |   QACTIVE |                         0 |       Device -> Controller |
|   16005 ns |     QREQn |                         1 |       Controller -> Device |
|   16005 ns |     STATE |    Q_DENIED -> Q_CONTINUE |                         OK |
|   16015 ns |     QDENY |                         0 |       Device -> Controller |
|   16015 ns |     STATE |       Q_CONTINUE -> Q_RUN |                         OK |
|   16025 ns |   QACTIVE |                         1 |       Device -> Controller |
|   16075 ns |   QACTIVE |                         0 |       Device -> Controller |
|   16085 ns |   QACTIVE |                         1 |       Device -> Controller |
|   16095 ns |     QREQn |                         0 |       Controller -> Device |
|   16095 ns |   QACTIVE |                         0 |       Device -> Controller |
|   16095 ns |     STATE |        Q_RUN -> Q_REQUEST |                         OK |
|   16125 ns |     QDENY |                         1 |       Device -> Controller |
|   16125 ns |     STATE |     Q_REQUEST -> Q_DENIED |                         OK |
|   16155 ns |     QREQn |                         1 |       Controller -> Device |
|   16155 ns |     STATE |    Q_DENIED -> Q_CONTINUE |                         OK |
|   16165 ns |     QDENY |                         0 |       Device -> Controller |
|   16165 ns |     STATE |       Q_CONTINUE -> Q_RUN |                         OK |
|   16175 ns |   QACTIVE |                         1 |       Device -> Controller |
|   16185 ns |   QACTIVE |                         0 |       Device -> Controller |
|   16235 ns |   QACTIVE |                         1 |       Device -> Controller |
|   16245 ns |   QACTIVE |                         0 |       Device -> Controller |
|   16265 ns |     QREQn |                         0 |       Controller -> Device |
|   16265 ns |     STATE |        Q_RUN -> Q_REQUEST |                         OK |
|   16275 ns |   QACTIVE |                         1 |       Device -> Controller |
|   16295 ns |  QACCEPTn |                         0 |       Device -> Controller |
|   16295 ns |     STATE |    Q_REQUEST -> Q_STOPPED |                         OK |
|   16345 ns |     QREQn |                         1 |       Controller -> Device |
|   16345 ns |     STATE |       Q_STOPPED -> Q_EXIT |                         OK |
|   16355 ns |  QACCEPTn |                         1 |       Device -> Controller |
|   16355 ns |     STATE |           Q_EXIT -> Q_RUN |                         OK |
|   16375 ns |   QACTIVE |                         0 |       Device -> Controller |
|   16425 ns |   QACTIVE |                         1 |       Device -> Controller |
|   16435 ns |     QREQn |                         0 |       Controller -> Device |
|   16435 ns |     STATE |        Q_RUN -> Q_REQUEST |                         OK |
|   16445 ns |   QACTIVE |                         0 |       Device -> Controller |
|   16475 ns |  QACCEPTn |                         0 |       Device -> Controller |
|   16475 ns |     STATE |    Q_REQUEST -> Q_STOPPED |                         OK |
|   16485 ns |   QACTIVE |                         1 |       Device -> Controller |
|   16515 ns |     QREQn |                         1 |       Controller -> Device |
|   16515 ns |     STATE |       Q_STOPPED -> Q_EXIT |                         OK |
|   16525 ns |  QACCEPTn |                         1 |       Device -> Controller |
|   16525 ns |     STATE |           Q_EXIT -> Q_RUN |                         OK |
|   16545 ns |   QACTIVE |                         0 |       Device -> Controller |
|   16585 ns |   QACTIVE |                         1 |       Device -> Controller |
|   16615 ns |     QREQn |                         0 |       Controller -> Device |
|   16615 ns |     STATE |        Q_RUN -> Q_REQUEST |                         OK |
|   16635 ns |  QACCEPTn |                         0 |       Device -> Controller |
|   16635 ns |     STATE |    Q_REQUEST -> Q_STOPPED |                         OK |
|   16695 ns |     QREQn |                         1 |       Controller -> Device |
|   16695 ns |     STATE |       Q_STOPPED -> Q_EXIT |                         OK |
|   16705 ns |  QACCEPTn |                         1 |       Device -> Controller |
|   16705 ns |     STATE |           Q_EXIT -> Q_RUN |                         OK |
|   16755 ns |     QREQn |                         0 |       Controller -> Device |
|   16755 ns |     STATE |        Q_RUN -> Q_REQUEST |                         OK |
|   16775 ns |  QACCEPTn |                         0 |       Device -> Controller |
|   16775 ns |     STATE |    Q_REQUEST -> Q_STOPPED |                         OK |
|   16805 ns |     QREQn |                         1 |       Controller -> Device |
|   16805 ns |     STATE |       Q_STOPPED -> Q_EXIT |                         OK |
|   16815 ns |  QACCEPTn |                         1 |       Device -> Controller |
|   16815 ns |     STATE |           Q_EXIT -> Q_RUN |                         OK |
|   16905 ns |   QACTIVE |                         0 |       Device -> Controller |
|   16915 ns |     QREQn |                         0 |       Controller -> Device |
|   16915 ns |     STATE |        Q_RUN -> Q_REQUEST |                         OK |
|   16955 ns |     QDENY |                         1 |       Device -> Controller |
|   16955 ns |     STATE |     Q_REQUEST -> Q_DENIED |                         OK |
|   17005 ns |   QACTIVE |                         1 |       Device -> Controller |
|   17015 ns |     QREQn |                         1 |       Controller -> Device |
|   17015 ns |     STATE |    Q_DENIED -> Q_CONTINUE |                         OK |
|   17025 ns |     QDENY |                         0 |       Device -> Controller |
|   17025 ns |     STATE |       Q_CONTINUE -> Q_RUN |                         OK |
|   17035 ns |   QACTIVE |                         0 |       Device -> Controller |
|   17065 ns |   QACTIVE |                         1 |       Device -> Controller |
|   17095 ns |   QACTIVE |                         0 |       Device -> Controller |
|   17105 ns |     QREQn |                         0 |       Controller -> Device |
|   17105 ns |   QACTIVE |                         1 |       Device -> Controller |
|   17105 ns |     STATE |        Q_RUN -> Q_REQUEST |                         OK |
|   17135 ns |  QACCEPTn |                         0 |       Device -> Controller |
|   17135 ns |   QACTIVE |                         0 |       Device -> Controller |
|   17135 ns |     STATE |    Q_REQUEST -> Q_STOPPED |                         OK |
|   17175 ns |     QREQn |                         1 |       Controller -> Device |
|   17175 ns |     STATE |       Q_STOPPED -> Q_EXIT |                         OK |
|   17185 ns |  QACCEPTn |                         1 |       Device -> Controller |
|   17185 ns |   QACTIVE |                         1 |       Device -> Controller |
|   17185 ns |     STATE |           Q_EXIT -> Q_RUN |                         OK |
|   17215 ns |   QACTIVE |                         0 |       Device -> Controller |
|   17275 ns |     QREQn |                         0 |       Controller -> Device |
|   17275 ns |   QACTIVE |                         1 |       Device -> Controller |
|   17275 ns |     STATE |        Q_RUN -> Q_REQUEST |                         OK |
|   17285 ns |   QACTIVE |                         0 |       Device -> Controller |
|   17315 ns |     QDENY |                         1 |       Device -> Controller |
|   17315 ns |     STATE |     Q_REQUEST -> Q_DENIED |                         OK |
|   17375 ns |     QREQn |                         1 |       Controller -> Device |
|   17375 ns |   QACTIVE |                         1 |       Device -> Controller |
|   17375 ns |     STATE |    Q_DENIED -> Q_CONTINUE |                         OK |
|   17385 ns |     QDENY |                         0 |       Device -> Controller |
|   17385 ns |     STATE |       Q_CONTINUE -> Q_RUN |                         OK |
|   17445 ns |   QACTIVE |                         0 |       Device -> Controller |
|   17465 ns |     QREQn |                         0 |       Controller -> Device |
|   17465 ns |     STATE |        Q_RUN -> Q_REQUEST |                         OK |
|   17485 ns |  QACCEPTn |                         0 |       Device -> Controller |
|   17485 ns |   QACTIVE |                         1 |       Device -> Controller |
|   17485 ns |     STATE |    Q_REQUEST -> Q_STOPPED |                         OK |
|   17505 ns |   QACTIVE |                         0 |       Device -> Controller |
|   17545 ns |     QREQn |                         1 |       Controller -> Device |
|   17545 ns |     STATE |       Q_STOPPED -> Q_EXIT |                         OK |
|   17555 ns |  QACCEPTn |                         1 |       Device -> Controller |
|   17555 ns |     STATE |           Q_EXIT -> Q_RUN |                         OK |
|   17585 ns |   QACTIVE |                         1 |       Device -> Controller |
|   17625 ns |   QACTIVE |                         0 |       Device -> Controller |
|   17635 ns |     QREQn |                         0 |       Controller -> Device |
|   17635 ns |     STATE |        Q_RUN -> Q_REQUEST |                         OK |
|   17655 ns |  QACCEPTn |                         0 |       Device -> Controller |
|   17655 ns |     STATE |    Q_REQUEST -> Q_STOPPED |                         OK |
|   17705 ns |     QREQn |                         1 |       Controller -> Device |
|   17705 ns |     STATE |       Q_STOPPED -> Q_EXIT |                         OK |
|   17715 ns |  QACCEPTn |                         1 |       Device -> Controller |
|   17715 ns |     STATE |           Q_EXIT -> Q_RUN |                         OK |
|   17765 ns |     QREQn |                         0 |       Controller -> Device |
|   17765 ns |     STATE |        Q_RUN -> Q_REQUEST |                         OK |
|   17785 ns |  QACCEPTn |                         0 |       Device -> Controller |
|   17785 ns |     STATE |    Q_REQUEST -> Q_STOPPED |                         OK |
|   17815 ns |   QACTIVE |                         1 |       Device -> Controller |
|   17825 ns |   QACTIVE |                         0 |       Device -> Controller |
|   17845 ns |     QREQn |                         1 |       Controller -> Device |
|   17845 ns |     STATE |       Q_STOPPED -> Q_EXIT |                         OK |
|   17855 ns |  QACCEPTn |                         1 |       Device -> Controller |
|   17855 ns |   QACTIVE |                         1 |       Device -> Controller |
|   17855 ns |     STATE |           Q_EXIT -> Q_RUN |                         OK |
|   17915 ns |   QACTIVE |                         0 |       Device -> Controller |
|   17945 ns |   QACTIVE |                         1 |       Device -> Controller |
|   17955 ns |     QREQn |                         0 |       Controller -> Device |
|   17955 ns |     STATE |        Q_RUN -> Q_REQUEST |                         OK |
|   17975 ns |   QACTIVE |                         0 |       Device -> Controller |
|   17985 ns |     QDENY |                         1 |       Device -> Controller |
|   17985 ns |     STATE |     Q_REQUEST -> Q_DENIED |                         OK |
|   17995 ns |   QACTIVE |                         1 |       Device -> Controller |
|   18045 ns |     QREQn |                         1 |       Controller -> Device |
|   18045 ns |   QACTIVE |                         0 |       Device -> Controller |
|   18045 ns |     STATE |    Q_DENIED -> Q_CONTINUE |                         OK |
|   18055 ns |     QDENY |                         0 |       Device -> Controller |
|   18055 ns |     STATE |       Q_CONTINUE -> Q_RUN |                         OK |
|   18125 ns |     QREQn |                         0 |       Controller -> Device |
|   18125 ns |     STATE |        Q_RUN -> Q_REQUEST |                         OK |
|   18145 ns |  QACCEPTn |                         0 |       Device -> Controller |
|   18145 ns |     STATE |    Q_REQUEST -> Q_STOPPED |                         OK |
|   18175 ns |     QREQn |                         1 |       Controller -> Device |
|   18175 ns |     STATE |       Q_STOPPED -> Q_EXIT |                         OK |
|   18185 ns |  QACCEPTn |                         1 |       Device -> Controller |
|   18185 ns |   QACTIVE |                         1 |       Device -> Controller |
|   18185 ns |     STATE |           Q_EXIT -> Q_RUN |                         OK |
|   18235 ns |   QACTIVE |                         0 |       Device -> Controller |
|   18265 ns |     QREQn |                         0 |       Controller -> Device |
|   18265 ns |     STATE |        Q_RUN -> Q_REQUEST |                         OK |
|   18275 ns |   QACTIVE |                         1 |       Device -> Controller |
|   18285 ns |   QACTIVE |                         0 |       Device -> Controller |
|   18295 ns |   QACTIVE |                         1 |       Device -> Controller |
|   18305 ns |  QACCEPTn |                         0 |       Device -> Controller |
|   18305 ns |     STATE |    Q_REQUEST -> Q_STOPPED |                         OK |
|   18315 ns |   QACTIVE |                         0 |       Device -> Controller |
|   18345 ns |     QREQn |                         1 |       Controller -> Device |
|   18345 ns |     STATE |       Q_STOPPED -> Q_EXIT |                         OK |
|   18355 ns |  QACCEPTn |                         1 |       Device -> Controller |
|   18355 ns |   QACTIVE |                         1 |       Device -> Controller |
|   18355 ns |     STATE |           Q_EXIT -> Q_RUN |                         OK |
|   18365 ns |   QACTIVE |                         0 |       Device -> Controller |
|   18385 ns |   QACTIVE |                         1 |       Device -> Controller |
|   18415 ns |     QREQn |                         0 |       Controller -> Device |
|   18415 ns |     STATE |        Q_RUN -> Q_REQUEST |                         OK |
|   18445 ns |   QACTIVE |                         0 |       Device -> Controller |
|   18455 ns |  QACCEPTn |                         0 |       Device -> Controller |
|   18455 ns |     STATE |    Q_REQUEST -> Q_STOPPED |                         OK |
|   18485 ns |   QACTIVE |                         1 |       Device -> Controller |
|   18505 ns |     QREQn |                         1 |       Controller -> Device |
|   18505 ns |     STATE |       Q_STOPPED -> Q_EXIT |                         OK |
|   18515 ns |  QACCEPTn |                         1 |       Device -> Controller |
|   18515 ns |     STATE |           Q_EXIT -> Q_RUN |                         OK |
|   18525 ns |   QACTIVE |                         0 |       Device -> Controller |
|   18555 ns |   QACTIVE |                         1 |       Device -> Controller |
|   18595 ns |     QREQn |                         0 |       Controller -> Device |
|   18595 ns |   QACTIVE |                         0 |       Device -> Controller |
|   18595 ns |     STATE |        Q_RUN -> Q_REQUEST |                         OK |
|   18615 ns |  QACCEPTn |                         0 |       Device -> Controller |
|   18615 ns |     STATE |    Q_REQUEST -> Q_STOPPED |                         OK |
|   18625 ns |   QACTIVE |                         1 |       Device -> Controller |
|   18645 ns |     QREQn |                         1 |       Controller -> Device |
|   18645 ns |     STATE |       Q_STOPPED -> Q_EXIT |                         OK |
|   18655 ns |  QACCEPTn |                         1 |       Device -> Controller |
|   18655 ns |   QACTIVE |                         0 |       Device -> Controller |
|   18655 ns |     STATE |           Q_EXIT -> Q_RUN |                         OK |
|   18725 ns |     QREQn |                         0 |       Controller -> Device |
|   18725 ns |   QACTIVE |                         1 |       Device -> Controller |
|   18725 ns |     STATE |        Q_RUN -> Q_REQUEST |                         OK |
|   18735 ns |   QACTIVE |                         0 |       Device -> Controller |
|   18775 ns |  QACCEPTn |                         0 |       Device -> Controller |
|   18775 ns |     STATE |    Q_REQUEST -> Q_STOPPED |                         OK |
|   18785 ns |   QACTIVE |                         1 |       Device -> Controller |
|   18805 ns |   QACTIVE |                         0 |       Device -> Controller |
|   18835 ns |     QREQn |                         1 |       Controller -> Device |
|   18835 ns |   QACTIVE |                         1 |       Device -> Controller |
|   18835 ns |     STATE |       Q_STOPPED -> Q_EXIT |                         OK |
|   18845 ns |  QACCEPTn |                         1 |       Device -> Controller |
|   18845 ns |   QACTIVE |                         0 |       Device -> Controller |
|   18845 ns |     STATE |           Q_EXIT -> Q_RUN |                         OK |
|   18885 ns |     QREQn |                         0 |       Controller -> Device |
|   18885 ns |     STATE |        Q_RUN -> Q_REQUEST |                         OK |
|   18895 ns |   QACTIVE |                         1 |       Device -> Controller |
|   18915 ns |  QACCEPTn |                         0 |       Device -> Controller |
|   18915 ns |     STATE |    Q_REQUEST -> Q_STOPPED |                         OK |
|   18955 ns |     QREQn |                         1 |       Controller -> Device |
|   18955 ns |   QACTIVE |                         0 |       Device -> Controller |
|   18955 ns |     STATE |       Q_STOPPED -> Q_EXIT |                         OK |
|   18965 ns |  QACCEPTn |                         1 |       Device -> Controller |
|   18965 ns |     STATE |           Q_EXIT -> Q_RUN |                         OK |
|   18975 ns |   QACTIVE |                         1 |       Device -> Controller |
|   19035 ns |   QACTIVE |                         0 |       Device -> Controller |
|   19045 ns |     QREQn |                         0 |       Controller -> Device |
|   19045 ns |   QACTIVE |                         1 |       Device -> Controller |
|   19045 ns |     STATE |        Q_RUN -> Q_REQUEST |                         OK |
|   19085 ns |  QACCEPTn |                         0 |       Device -> Controller |
|   19085 ns |     STATE |    Q_REQUEST -> Q_STOPPED |                         OK |
|   19145 ns |     QREQn |                         1 |       Controller -> Device |
|   19145 ns |   QACTIVE |                         0 |       Device -> Controller |
|   19145 ns |     STATE |       Q_STOPPED -> Q_EXIT |                         OK |
|   19155 ns |  QACCEPTn |                         1 |       Device -> Controller |
|   19155 ns |     STATE |           Q_EXIT -> Q_RUN |                         OK |
|   19185 ns |   QACTIVE |                         1 |       Device -> Controller |
|   19205 ns |     QREQn |                         0 |       Controller -> Device |
|   19205 ns |     STATE |        Q_RUN -> Q_REQUEST |                         OK |
|   19235 ns |     QDENY |                         1 |       Device -> Controller |
|   19235 ns |     STATE |     Q_REQUEST -> Q_DENIED |                         OK |
|   19295 ns |     QREQn |                         1 |       Controller -> Device |
|   19295 ns |     STATE |    Q_DENIED -> Q_CONTINUE |                         OK |
|   19305 ns |     QDENY |                         0 |       Device -> Controller |
|   19305 ns |     STATE |       Q_CONTINUE -> Q_RUN |                         OK |
|   19335 ns |   QACTIVE |                         0 |       Device -> Controller |
|   19385 ns |     QREQn |                         0 |       Controller -> Device |
|   19385 ns |     STATE |        Q_RUN -> Q_REQUEST |                         OK |
|   19405 ns |   QACTIVE |                         1 |       Device -> Controller |
|   19415 ns |   QACTIVE |                         0 |       Device -> Controller |
|   19425 ns |  QACCEPTn |                         0 |       Device -> Controller |
|   19425 ns |     STATE |    Q_REQUEST -> Q_STOPPED |                         OK |
|   19455 ns |     QREQn |                         1 |       Controller -> Device |
|   19455 ns |     STATE |       Q_STOPPED -> Q_EXIT |                         OK |
|   19465 ns |  QACCEPTn |                         1 |       Device -> Controller |
|   19465 ns |     STATE |           Q_EXIT -> Q_RUN |                         OK |
|   19535 ns |   QACTIVE |                         1 |       Device -> Controller |
|   19555 ns |     QREQn |                         0 |       Controller -> Device |
|   19555 ns |     STATE |        Q_RUN -> Q_REQUEST |                         OK |
|   19565 ns |   QACTIVE |                         0 |       Device -> Controller |
|   19585 ns |  QACCEPTn |                         0 |       Device -> Controller |
|   19585 ns |     STATE |    Q_REQUEST -> Q_STOPPED |                         OK |
|   19595 ns |   QACTIVE |                         1 |       Device -> Controller |
|   19605 ns |     QREQn |                         1 |       Controller -> Device |
|   19605 ns |     STATE |       Q_STOPPED -> Q_EXIT |                         OK |
|   19615 ns |  QACCEPTn |                         1 |       Device -> Controller |
|   19615 ns |     STATE |           Q_EXIT -> Q_RUN |                         OK |
|   19685 ns |     QREQn |                         0 |       Controller -> Device |
|   19685 ns |     STATE |        Q_RUN -> Q_REQUEST |                         OK |
|   19715 ns |     QDENY |                         1 |       Device -> Controller |
|   19715 ns |   QACTIVE |                         0 |       Device -> Controller |
|   19715 ns |     STATE |     Q_REQUEST -> Q_DENIED |                         OK |
|   19735 ns |   QACTIVE |                         1 |       Device -> Controller |
|   19765 ns |     QREQn |                         1 |       Controller -> Device |
|   19765 ns |     STATE |    Q_DENIED -> Q_CONTINUE |                         OK |
|   19775 ns |     QDENY |                         0 |       Device -> Controller |
|   19775 ns |     STATE |       Q_CONTINUE -> Q_RUN |                         OK |
|   19845 ns |   QACTIVE |                         0 |       Device -> Controller |
|   19875 ns |     QREQn |                         0 |       Controller -> Device |
|   19875 ns |   QACTIVE |                         1 |       Device -> Controller |
|   19875 ns |     STATE |        Q_RUN -> Q_REQUEST |                         OK |
|   19915 ns |   QACTIVE |                         0 |       Device -> Controller |
|   19925 ns |  QACCEPTn |                         0 |       Device -> Controller |
|   19925 ns |     STATE |    Q_REQUEST -> Q_STOPPED |                         OK |
|   19945 ns |   QACTIVE |                         1 |       Device -> Controller |
|   19965 ns |     QREQn |                         1 |       Controller -> Device |
|   19965 ns |   QACTIVE |                         0 |       Device -> Controller |
|   19965 ns |     STATE |       Q_STOPPED -> Q_EXIT |                         OK |
|   19975 ns |  QACCEPTn |                         1 |       Device -> Controller |
|   19975 ns |   QACTIVE |                         1 |       Device -> Controller |
|   19975 ns |     STATE |           Q_EXIT -> Q_RUN |                         OK |
|   20055 ns |   QACTIVE |                         0 |       Device -> Controller |
|   20065 ns |     QREQn |                         0 |       Controller -> Device |
|   20065 ns |   QACTIVE |                         1 |       Device -> Controller |
|   20065 ns |     STATE |        Q_RUN -> Q_REQUEST |                         OK |
|   20085 ns |  QACCEPTn |                         0 |       Device -> Controller |
|   20085 ns |     STATE |    Q_REQUEST -> Q_STOPPED |                         OK |
|   20115 ns |   QACTIVE |                         0 |       Device -> Controller |
|   20125 ns |     QREQn |                         1 |       Controller -> Device |
|   20125 ns |     STATE |       Q_STOPPED -> Q_EXIT |                         OK |
|   20135 ns |  QACCEPTn |                         1 |       Device -> Controller |
|   20135 ns |     STATE |           Q_EXIT -> Q_RUN |                         OK |
|   20155 ns |   QACTIVE |                         1 |       Device -> Controller |
|   20195 ns |   QACTIVE |                         0 |       Device -> Controller |
|   20205 ns |     QREQn |                         0 |       Controller -> Device |
|   20205 ns |     STATE |        Q_RUN -> Q_REQUEST |                         OK |
|   20235 ns |  QACCEPTn |                         0 |       Device -> Controller |
|   20235 ns |     STATE |    Q_REQUEST -> Q_STOPPED |                         OK |
|   20285 ns |     QREQn |                         1 |       Controller -> Device |
|   20285 ns |     STATE |       Q_STOPPED -> Q_EXIT |                         OK |
|   20295 ns |  QACCEPTn |                         1 |       Device -> Controller |
|   20295 ns |     STATE |           Q_EXIT -> Q_RUN |                         OK |
|   20305 ns |   QACTIVE |                         1 |       Device -> Controller |
|   20355 ns |     QREQn |                         0 |       Controller -> Device |
|   20355 ns |     STATE |        Q_RUN -> Q_REQUEST |                         OK |
|   20385 ns |  QACCEPTn |                         0 |       Device -> Controller |
|   20385 ns |     STATE |    Q_REQUEST -> Q_STOPPED |                         OK |
|   20395 ns |   QACTIVE |                         0 |       Device -> Controller |
|   20425 ns |     QREQn |                         1 |       Controller -> Device |
|   20425 ns |     STATE |       Q_STOPPED -> Q_EXIT |                         OK |
|   20435 ns |  QACCEPTn |                         1 |       Device -> Controller |
|   20435 ns |     STATE |           Q_EXIT -> Q_RUN |                         OK |
|   20455 ns |   QACTIVE |                         1 |       Device -> Controller |
|   20525 ns |     QREQn |                         0 |       Controller -> Device |
|   20525 ns |   QACTIVE |                         0 |       Device -> Controller |
|   20525 ns |     STATE |        Q_RUN -> Q_REQUEST |                         OK |
|   20535 ns |   QACTIVE |                         1 |       Device -> Controller |
|   20565 ns |  QACCEPTn |                         0 |       Device -> Controller |
|   20565 ns |     STATE |    Q_REQUEST -> Q_STOPPED |                         OK |
|   20595 ns |   QACTIVE |                         0 |       Device -> Controller |
|   20615 ns |     QREQn |                         1 |       Controller -> Device |
|   20615 ns |     STATE |       Q_STOPPED -> Q_EXIT |                         OK |
|   20625 ns |  QACCEPTn |                         1 |       Device -> Controller |
|   20625 ns |     STATE |           Q_EXIT -> Q_RUN |                         OK |
|   20685 ns |   QACTIVE |                         1 |       Device -> Controller |
|   20705 ns |     QREQn |                         0 |       Controller -> Device |
|   20705 ns |     STATE |        Q_RUN -> Q_REQUEST |                         OK |
|   20755 ns |  QACCEPTn |                         0 |       Device -> Controller |
|   20755 ns |     STATE |    Q_REQUEST -> Q_STOPPED |                         OK |
|   20785 ns |     QREQn |                         1 |       Controller -> Device |
|   20785 ns |     STATE |       Q_STOPPED -> Q_EXIT |                         OK |
|   20795 ns |  QACCEPTn |                         1 |       Device -> Controller |
|   20795 ns |   QACTIVE |                         0 |       Device -> Controller |
|   20795 ns |     STATE |           Q_EXIT -> Q_RUN |                         OK |
|   20885 ns |     QREQn |                         0 |       Controller -> Device |
|   20885 ns |     STATE |        Q_RUN -> Q_REQUEST |                         OK |
|   20905 ns |   QACTIVE |                         1 |       Device -> Controller |
|   20915 ns |     QDENY |                         1 |       Device -> Controller |
|   20915 ns |     STATE |     Q_REQUEST -> Q_DENIED |                         OK |
|   20935 ns |   QACTIVE |                         0 |       Device -> Controller |
|   20945 ns |     QREQn |                         1 |       Controller -> Device |
|   20945 ns |     STATE |    Q_DENIED -> Q_CONTINUE |                         OK |
|   20955 ns |     QDENY |                         0 |       Device -> Controller |
|   20955 ns |     STATE |       Q_CONTINUE -> Q_RUN |                         OK |
|   20995 ns |   QACTIVE |                         1 |       Device -> Controller |
|   21005 ns |     QREQn |                         0 |       Controller -> Device |
|   21005 ns |     STATE |        Q_RUN -> Q_REQUEST |                         OK |
|   21025 ns |   QACTIVE |                         0 |       Device -> Controller |
|   21035 ns |   QACTIVE |                         1 |       Device -> Controller |
|   21055 ns |     QDENY |                         1 |       Device -> Controller |
|   21055 ns |     STATE |     Q_REQUEST -> Q_DENIED |                         OK |
|   21075 ns |     QREQn |                         1 |       Controller -> Device |
|   21075 ns |     STATE |    Q_DENIED -> Q_CONTINUE |                         OK |
|   21085 ns |     QDENY |                         0 |       Device -> Controller |
|   21085 ns |     STATE |       Q_CONTINUE -> Q_RUN |                         OK |
|   21145 ns |   QACTIVE |                         0 |       Device -> Controller |
|   21155 ns |   QACTIVE |                         1 |       Device -> Controller |
|   21165 ns |     QREQn |                         0 |       Controller -> Device |
|   21165 ns |     STATE |        Q_RUN -> Q_REQUEST |                         OK |
|   21195 ns |   QACTIVE |                         0 |       Device -> Controller |
|   21215 ns |  QACCEPTn |                         0 |       Device -> Controller |
|   21215 ns |     STATE |    Q_REQUEST -> Q_STOPPED |                         OK |
|   21225 ns |   QACTIVE |                         1 |       Device -> Controller |
|   21255 ns |     QREQn |                         1 |       Controller -> Device |
|   21255 ns |     STATE |       Q_STOPPED -> Q_EXIT |                         OK |
|   21265 ns |  QACCEPTn |                         1 |       Device -> Controller |
|   21265 ns |     STATE |           Q_EXIT -> Q_RUN |                         OK |
|   21275 ns |   QACTIVE |                         0 |       Device -> Controller |
|   21315 ns |   QACTIVE |                         1 |       Device -> Controller |
|   21325 ns |     QREQn |                         0 |       Controller -> Device |
|   21325 ns |     STATE |        Q_RUN -> Q_REQUEST |                         OK |
|   21355 ns |     QDENY |                         1 |       Device -> Controller |
|   21355 ns |     STATE |     Q_REQUEST -> Q_DENIED |                         OK |
|   21395 ns |   QACTIVE |                         0 |       Device -> Controller |
|   21415 ns |     QREQn |                         1 |       Controller -> Device |
|   21415 ns |     STATE |    Q_DENIED -> Q_CONTINUE |                         OK |
|   21425 ns |     QDENY |                         0 |       Device -> Controller |
|   21425 ns |   QACTIVE |                         1 |       Device -> Controller |
|   21425 ns |     STATE |       Q_CONTINUE -> Q_RUN |                         OK |
|   21435 ns |   QACTIVE |                         0 |       Device -> Controller |
|   21515 ns |   QACTIVE |                         1 |       Device -> Controller |
|   21525 ns |     QREQn |                         0 |       Controller -> Device |
|   21525 ns |     STATE |        Q_RUN -> Q_REQUEST |                         OK |
|   21535 ns |   QACTIVE |                         0 |       Device -> Controller |
|   21545 ns |  QACCEPTn |                         0 |       Device -> Controller |
|   21545 ns |     STATE |    Q_REQUEST -> Q_STOPPED |                         OK |
|   21595 ns |     QREQn |                         1 |       Controller -> Device |
|   21595 ns |     STATE |       Q_STOPPED -> Q_EXIT |                         OK |
|   21605 ns |  QACCEPTn |                         1 |       Device -> Controller |
|   21605 ns |     STATE |           Q_EXIT -> Q_RUN |                         OK |
|   21625 ns |   QACTIVE |                         1 |       Device -> Controller |
|   21655 ns |     QREQn |                         0 |       Controller -> Device |
|   21655 ns |     STATE |        Q_RUN -> Q_REQUEST |                         OK |
|   21675 ns |     QDENY |                         1 |       Device -> Controller |
|   21675 ns |     STATE |     Q_REQUEST -> Q_DENIED |                         OK |
|   21685 ns |   QACTIVE |                         0 |       Device -> Controller |
|   21725 ns |     QREQn |                         1 |       Controller -> Device |
|   21725 ns |     STATE |    Q_DENIED -> Q_CONTINUE |                         OK |
|   21735 ns |     QDENY |                         0 |       Device -> Controller |
|   21735 ns |     STATE |       Q_CONTINUE -> Q_RUN |                         OK |
|   21745 ns |   QACTIVE |                         1 |       Device -> Controller |
|   21805 ns |     QREQn |                         0 |       Controller -> Device |
|   21805 ns |     STATE |        Q_RUN -> Q_REQUEST |                         OK |
|   21815 ns |   QACTIVE |                         0 |       Device -> Controller |
|   21835 ns |  QACCEPTn |                         0 |       Device -> Controller |
|   21835 ns |     STATE |    Q_REQUEST -> Q_STOPPED |                         OK |
|   21845 ns |   QACTIVE |                         1 |       Device -> Controller |
|   21875 ns |   QACTIVE |                         0 |       Device -> Controller |
|   21885 ns |     QREQn |                         1 |       Controller -> Device |
|   21885 ns |     STATE |       Q_STOPPED -> Q_EXIT |                         OK |
|   21895 ns |  QACCEPTn |                         1 |       Device -> Controller |
|   21895 ns |     STATE |           Q_EXIT -> Q_RUN |                         OK |
|   21925 ns |   QACTIVE |                         1 |       Device -> Controller |
|   21935 ns |   QACTIVE |                         0 |       Device -> Controller |
|   21945 ns |   QACTIVE |                         1 |       Device -> Controller |
|   21995 ns |     QREQn |                         0 |       Controller -> Device |
|   21995 ns |   QACTIVE |                         0 |       Device -> Controller |
|   21995 ns |     STATE |        Q_RUN -> Q_REQUEST |                         OK |
|   22015 ns |  QACCEPTn |                         0 |       Device -> Controller |
|   22015 ns |     STATE |    Q_REQUEST -> Q_STOPPED |                         OK |
|   22065 ns |     QREQn |                         1 |       Controller -> Device |
|   22065 ns |     STATE |       Q_STOPPED -> Q_EXIT |                         OK |
|   22075 ns |  QACCEPTn |                         1 |       Device -> Controller |
|   22075 ns |     STATE |           Q_EXIT -> Q_RUN |                         OK |
|   22135 ns |     QREQn |                         0 |       Controller -> Device |
|   22135 ns |     STATE |        Q_RUN -> Q_REQUEST |                         OK |
|   22155 ns |   QACTIVE |                         1 |       Device -> Controller |
|   22165 ns |  QACCEPTn |                         0 |       Device -> Controller |
|   22165 ns |     STATE |    Q_REQUEST -> Q_STOPPED |                         OK |
|   22185 ns |   QACTIVE |                         0 |       Device -> Controller |
|   22195 ns |   QACTIVE |                         1 |       Device -> Controller |
|   22205 ns |     QREQn |                         1 |       Controller -> Device |
|   22205 ns |   QACTIVE |                         0 |       Device -> Controller |
|   22205 ns |     STATE |       Q_STOPPED -> Q_EXIT |                         OK |
|   22215 ns |  QACCEPTn |                         1 |       Device -> Controller |
|   22215 ns |     STATE |           Q_EXIT -> Q_RUN |                         OK |
|   22235 ns |   QACTIVE |                         1 |       Device -> Controller |
|   22285 ns |     QREQn |                         0 |       Controller -> Device |
|   22285 ns |     STATE |        Q_RUN -> Q_REQUEST |                         OK |
|   22305 ns |  QACCEPTn |                         0 |       Device -> Controller |
|   22305 ns |     STATE |    Q_REQUEST -> Q_STOPPED |                         OK |
|   22335 ns |   QACTIVE |                         0 |       Device -> Controller |
|   22365 ns |     QREQn |                         1 |       Controller -> Device |
|   22365 ns |     STATE |       Q_STOPPED -> Q_EXIT |                         OK |
|   22375 ns |  QACCEPTn |                         1 |       Device -> Controller |
|   22375 ns |     STATE |           Q_EXIT -> Q_RUN |                         OK |
|   22465 ns |     QREQn |                         0 |       Controller -> Device |
|   22465 ns |     STATE |        Q_RUN -> Q_REQUEST |                         OK |
|   22505 ns |   QACTIVE |                         1 |       Device -> Controller |
|   22515 ns |     QDENY |                         1 |       Device -> Controller |
|   22515 ns |     STATE |     Q_REQUEST -> Q_DENIED |                         OK |
|   22525 ns |   QACTIVE |                         0 |       Device -> Controller |
|   22535 ns |     QREQn |                         1 |       Controller -> Device |
|   22535 ns |     STATE |    Q_DENIED -> Q_CONTINUE |                         OK |
|   22545 ns |     QDENY |                         0 |       Device -> Controller |
|   22545 ns |     STATE |       Q_CONTINUE -> Q_RUN |                         OK |
|   22625 ns |     QREQn |                         0 |       Controller -> Device |
|   22625 ns |     STATE |        Q_RUN -> Q_REQUEST |                         OK |
|   22645 ns |   QACTIVE |                         1 |       Device -> Controller |
|   22655 ns |   QACTIVE |                         0 |       Device -> Controller |
|   22675 ns |  QACCEPTn |                         0 |       Device -> Controller |
|   22675 ns |   QACTIVE |                         1 |       Device -> Controller |
|   22675 ns |     STATE |    Q_REQUEST -> Q_STOPPED |                         OK |
|   22695 ns |     QREQn |                         1 |       Controller -> Device |
|   22695 ns |   QACTIVE |                         0 |       Device -> Controller |
|   22695 ns |     STATE |       Q_STOPPED -> Q_EXIT |                         OK |
|   22705 ns |  QACCEPTn |                         1 |       Device -> Controller |
|   22705 ns |   QACTIVE |                         1 |       Device -> Controller |
|   22705 ns |     STATE |           Q_EXIT -> Q_RUN |                         OK |
|   22735 ns |   QACTIVE |                         0 |       Device -> Controller |
|   22755 ns |   QACTIVE |                         1 |       Device -> Controller |
|   22775 ns |   QACTIVE |                         0 |       Device -> Controller |
|   22785 ns |     QREQn |                         0 |       Controller -> Device |
|   22785 ns |     STATE |        Q_RUN -> Q_REQUEST |                         OK |
|   22825 ns |  QACCEPTn |                         0 |       Device -> Controller |
|   22825 ns |     STATE |    Q_REQUEST -> Q_STOPPED |                         OK |
|   22845 ns |     QREQn |                         1 |       Controller -> Device |
|   22845 ns |     STATE |       Q_STOPPED -> Q_EXIT |                         OK |
|   22855 ns |  QACCEPTn |                         1 |       Device -> Controller |
|   22855 ns |     STATE |           Q_EXIT -> Q_RUN |                         OK |
|   22915 ns |     QREQn |                         0 |       Controller -> Device |
|   22915 ns |     STATE |        Q_RUN -> Q_REQUEST |                         OK |
|   22935 ns |   QACTIVE |                         1 |       Device -> Controller |
|   22945 ns |   QACTIVE |                         0 |       Device -> Controller |
|   22955 ns |  QACCEPTn |                         0 |       Device -> Controller |
|   22955 ns |   QACTIVE |                         1 |       Device -> Controller |
|   22955 ns |     STATE |    Q_REQUEST -> Q_STOPPED |                         OK |
|   22975 ns |   QACTIVE |                         0 |       Device -> Controller |
|   22985 ns |     QREQn |                         1 |       Controller -> Device |
|   22985 ns |     STATE |       Q_STOPPED -> Q_EXIT |                         OK |
|   22995 ns |  QACCEPTn |                         1 |       Device -> Controller |
|   22995 ns |     STATE |           Q_EXIT -> Q_RUN |                         OK |
|   23055 ns |     QREQn |                         0 |       Controller -> Device |
|   23055 ns |     STATE |        Q_RUN -> Q_REQUEST |                         OK |
|   23105 ns |     QDENY |                         1 |       Device -> Controller |
|   23105 ns |   QACTIVE |                         1 |       Device -> Controller |
|   23105 ns |     STATE |     Q_REQUEST -> Q_DENIED |                         OK |
|   23145 ns |   QACTIVE |                         0 |       Device -> Controller |
|   23165 ns |     QREQn |                         1 |       Controller -> Device |
|   23165 ns |   QACTIVE |                         1 |       Device -> Controller |
|   23165 ns |     STATE |    Q_DENIED -> Q_CONTINUE |                         OK |
|   23175 ns |     QDENY |                         0 |       Device -> Controller |
|   23175 ns |     STATE |       Q_CONTINUE -> Q_RUN |                         OK |
|   23235 ns |     QREQn |                         0 |       Controller -> Device |
|   23235 ns |     STATE |        Q_RUN -> Q_REQUEST |                         OK |
|   23265 ns |  QACCEPTn |                         0 |       Device -> Controller |
|   23265 ns |     STATE |    Q_REQUEST -> Q_STOPPED |                         OK |
|   23295 ns |     QREQn |                         1 |       Controller -> Device |
|   23295 ns |   QACTIVE |                         0 |       Device -> Controller |
|   23295 ns |     STATE |       Q_STOPPED -> Q_EXIT |                         OK |
|   23305 ns |  QACCEPTn |                         1 |       Device -> Controller |
|   23305 ns |     STATE |           Q_EXIT -> Q_RUN |                         OK |
|   23385 ns |     QREQn |                         0 |       Controller -> Device |
|   23385 ns |     STATE |        Q_RUN -> Q_REQUEST |                         OK |
|   23405 ns |     QDENY |                         1 |       Device -> Controller |
|   23405 ns |     STATE |     Q_REQUEST -> Q_DENIED |                         OK |
|   23425 ns |     QREQn |                         1 |       Controller -> Device |
|   23425 ns |   QACTIVE |                         1 |       Device -> Controller |
|   23425 ns |     STATE |    Q_DENIED -> Q_CONTINUE |                         OK |
|   23435 ns |     QDENY |                         0 |       Device -> Controller |
|   23435 ns |     STATE |       Q_CONTINUE -> Q_RUN |                         OK |
|   23445 ns |   QACTIVE |                         0 |       Device -> Controller |
|   23465 ns |   QACTIVE |                         1 |       Device -> Controller |
|------------|-----------|---------------------------|----------------------------|
